id,author_id,lang,created_at,text,conversation_id,retweet_count,reply_count,like_count,quote_count,en_text,polarity,subjectivity
1.553784914205901e+18,164119191,id,2022-07-31 16:49:26,"DUH JANGAN #SANGE_AAAAAAAAAAH DOSA mending Besok Senin #BlokirKominfo Kominfo  #BogorBanjirKeju RSUD Henry Asnawi Diblokir Siswa Filipina The Adams #2022YOUNGJAE_MINICON_SG Ruhut #BlokirKominfo Ilyy Tretan Muslim Dustin 'WHY'

https://t.co/QBMbMGYQ25",1.553784914205901e+18,0,0,0,0,"Duh don't #sange_aaaaaaaaah Sin is better tomorrow Monday #Blokirkominfo Kominfo #bogorbanjirkeju Henry Asnawi Regional Hospital Blocked by Filipino Students The Adams #2022youngjae_minicon_sg Ruhut #Blokirkominfo Ilyy Muslim Tetan Muslim Dustin 'Why'

https://t.co/QBMBMGYQ25",0.1,0.55
1.553782710531162e+18,1496850618937658880,id,2022-07-31 16:40:40,"@MstrYoda @kemkominfo Blok gobl*k kominfo kayak gak ada kerjaan aja, jelas2 GOOGLE DRIVE ITU PENTING BLOK BLOK GOBLOK",1.553171498763882e+18,0,0,0,0,"@Mstryoda @kemkominfo Block Gobl*k Kominfo like there is no work, obviously Google Drive is important block blocks",0.2,0.75
1.55377779807803e+18,499556757,id,2022-07-31 16:21:09,Itu maksudnya gmail sama google drive di blokir kominfo jadinya kita gak bisa make lagi gitu? Apaa gimanaağŸ¥´ soalnya foto foto sama email disituu semuaaa euyy,1.55377779807803e+18,0,1,0,0,"That means Gmail and Google Drive are blocked by the Ministry of Communication and Information so we can't use it anymore? What do I do, because the photos are the same as the email there, euyy",0.0,0.125
1.553777117867168e+18,1230440595132314112,id,2022-07-31 16:18:27,"Kominfo pls block slack, jira dan google workspace aja ğŸ˜©",1.553777117867168e+18,0,0,0,0,"Kominfo Pls Block Slack, Jira and Google Workspace ğŸ˜©",0.0,0.0
1.553775886268535e+18,17523128,id,2022-07-31 16:13:33,"trik-trik di googlesheet.

aman, google sudah ndaftar manual di pse kominfo. googlesheet kabarnya pakai map ijo lurik.

https://t.co/UyVQc96vOS",1.553775886268535e+18,3,0,5,0,"Tricks on Googlesheet.

Safe, Google has registered manually on PSE Kominfo. Googlesheet reportedly uses a lurik green map.

https://t.co/uyvqc96vos",0.15,0.4
1.553774879350002e+18,1256432906,id,2022-07-31 16:09:33,@Wltnza @teamsecret aku udah baca beberapa poinnya bang. kalau dipikir2 si perusahaan google dkk daftar ditunda sampai mepet akhir berarti ada permasalahan dari isi pse nya dan secara pribadi gak yakin sama pengelolaan data oleh kominfo. bisa dilihat bang pada kena teror itu dan kasus hack lainnya,1.553110447636845e+18,0,1,0,0,"@Wltnza @teamsecret I've read a few points, bro. If you think about the Google company et al, the list is postponed until the final tight means there is a problem from the contents of the PSE and personally not sure the data management by the Ministry of Communication and Information. can be seen bang on the terror and other hack cases",-0.1507142857142857,0.5299206349206349
1.553770465197531e+18,135815019,id,2022-07-31 15:52:01,"#Terpopuler Dengan diblokirnya Steam, Epic Games, Yahoo, sampai PayPal memunculkan pertanyaan, kenapa Google dan YouTube tidak diputus aksesnya oleh Kominfo? https://t.co/gAfkGBz6qB",1.553770465197531e+18,0,0,1,2,"#Popular with the blocked Steam, Epic Games, Yahoo, until Paypal raises the question, why did Google and YouTube have not been cut off by Kominfo? https://t.co/gafkgbz6qb",0.35,0.65
1.553767726170395e+18,164119191,id,2022-07-31 15:41:08,"Besok Senin tapi jangan lupa #BlokirKominfo #BlokirJudiOnline  Diblokir Steam PayPal Dota Dustin Tretan Muslim Ruhut Agustus Siswa Asnawi Filipina Ilyy Henry #BogorBanjirKeju RSUD The Adams 

LAWAN PAKAI CARA INI

https://t.co/hkZa6hKkrJ",1.553767726170395e+18,1,0,0,0,"Tomorrow Monday but don't forget #Blokirkominfo #Blokirjudionline Blocked Paypal Steam Dota Dustin Muslim Ruhut August Asnawi Philippine Student Ilyy Henry #Bogorbanjirkeju RSUD The Adams RSUD

Opponent use this method

https://t.co/hkza6hkkkrj",0.0,0.0
1.553765030415733e+18,1524983121992551936,zxx,2022-07-31 15:30:25,https://t.co/Q75VLZePXU,1.553765030415733e+18,0,0,0,0,,,
1.553761031259693e+18,1451879906149690880,id,2022-07-31 15:14:31,"Dear @Google can you help us to block on of our goverment website @/kominfo ?
Terlalu meresahkan dan mengganggu sekali. https://t.co/ogve0mOnwM",1.553761031259693e+18,0,0,0,0,"Dear @google can you help us to block on of our government website @/Kominfo?
Too disturbing and disturbing. https://t.co/ogve0monwm",-0.5,0.8
1.553757832909976e+18,42467852,id,2022-07-31 15:01:49,"Ini bkn solusi bagaimana dgn pekerja remote yg dibayar menggunakan paypal ? Saya butuh solusi klo ini solusi sementara bkn jangka panjang  #kominfogoblok 
https://t.co/u1RX11zUIF",1.553757832909976e+18,0,0,0,0,"This is not the solution how about the remote workers paid using paypal? I need a solution if this is a solution while the long -term BKN #KOMINFOGOBLOK
https://t.co/u1rx11zuif",-0.07500000000000001,0.3
1.553752500208996e+18,1553007295381901056,id,2022-07-31 14:40:38,"@Daihatsusby2 
Bang akun google saya di retas juga
Bagaimana cara abang bisa mendapatkan kembali akun abang??
Saya tadi sudah bikin laporan ke polres, tinggal nunggu di kirim ke kominfo daerah saya",1.553752500208996e+18,0,0,0,0,"@Daihatsusby2
Bang, my Google account is retas too
How can you get back your brother's account ??
I had made a report to the police station, just waiting to be sent to the Kominfo of my area",0.0,0.0
1.553752175498887e+18,154748889,id,2022-07-31 14:39:20,"njirrr, DDDrive ny google kominfo blokir jg tuh.... ğŸ˜…ğŸ˜…ğŸ¤¦",1.553752175498887e+18,0,1,0,0,"njirrr, dddrive ny google kominfo blocked too .... ğŸ˜…ğŸ˜…ğŸ¤¦",0.0,0.0
1.553752113796502e+18,944653712332439552,zxx,2022-07-31 14:39:05,https://t.co/bkVhY0PfHP,1.553752113796502e+18,0,0,0,0,,,
1.553749793805341e+18,1526760572,id,2022-07-31 14:29:52,"BRAINLY, GOOGLE CLASSROOM, GMAIL, GDRIVE, LINKEDIN DI BLOCK???? KOMINFO OTAKNYA DMN ANJENG sedangkan mobelentot lolosğŸ‘ğŸ‘ https://t.co/ZYh8vLKxib",1.553749793805341e+18,0,1,0,0,"Brainly, Google Classroom, Gmail, Gdrive, LinkedIn in Block ???? Kominfo Brain Dmn Anjeng while Mobelientot passed ğŸ‘ğŸ‘ https://t.co/zyh8vlkxib",0.0,0.0
1.553743591075627e+18,980097559736721408,id,2022-07-31 14:05:13,"Kementerian Kominfo RI menyatakan bahwa hampir semua penyenggelara sistem elektronik lingkup privat baik lokal maupun asing yang sudah terdaftar di kementerian Kominfo RI, termasuk wasttapp, Instagram, Google dan YouTube.sementara tinggal 6 saja yang masih belum, termasuk Paypal",1.553743591075627e+18,1,0,2,0,"The Ministry of Communication and Information of the Republic of Indonesia stated that almost all of the electronic system of private and foreign scope of the local and foreign scope that had been registered with the Ministry of Communication and Information, including Wasttapp, Instagram, Google and YouTube.",-0.0625,0.15625
1.553740785908351e+18,1406926429,en,2022-07-31 13:54:05,"@JakeSucky Simply, greedy gov.. Corporation like steam, google, paypal didnt want to register their platform because they know we need them, but these stupid ass kominfo think they are smarter than them. Please help our country by spreading the news.",1.553426948285575e+18,0,1,0,0,"@JakeSucky Simply, greedy gov.. Corporation like steam, google, paypal didnt want to register their platform because they know we need them, but these stupid ass kominfo think they are smarter than them. Please help our country by spreading the news.",-0.4,0.6785714285714286
1.553740610330591e+18,1492869584432812032,ja,2022-07-31 13:53:23,Kominfo ã¸ã®æ”»æ’ƒã§å¿™ã—ã„ã®ã§ã€ç‹¬è‡ªã®ã‚¢ãƒ—ãƒªã‚±ãƒ¼ã‚·ãƒ§ãƒ³ã‚’ä½œæˆã—ã¦ã€Kominfo ã«ç™»éŒ²ã—ã¦ã¿ã¦ã¯ã„ã‹ãŒã§ã—ã‚‡ã†ã‹ã€‚ çµå±€ã®ã¨ã“ã‚ã€PSEã«ç™»éŒ²ã™ã‚‹ã®ã¯ã©ã‚Œãã‚‰ã„é›£ã—ã„ã®ã§ã™ã‹ã€Google lã€ãªãœå¤§ä¼æ¥­ã¯PSEã«ç™»éŒ²ã—ãŸã„ã®ã§ã™ã‹? ç¢ºã‹ã«åŸºæœ¬ã€‚@takaduri https://t.co/JsJXZUYyVP,1.553740610330591e+18,10,0,0,0,"I'm busy attacking Kominfo, so why not create your own application and register with kominfo? After all, how difficult it is to register with PSE, why do you want to register with PSE, Google L, why? @takaduri https://t.co/jsjxzuyyvp",0.06666666666666665,0.7666666666666666
1.553736819157901e+18,1543975022922202880,id,2022-07-31 13:38:19,"kenapa harus blokir kominfo, kalo kita bisa kasih rating dia bintang 1 di google maps HAHAHA
 #BlokirKominfo",1.553736819157901e+18,0,0,0,0,"Why should you block the Ministry of Communication and Information, if we can give him a 1 star rating on Google Maps hahaha
 #Blokirkominfo",0.2,0.4
1.553732273983263e+18,1553572849746489088,id,2022-07-31 13:20:15,"Lu minta data dari google, steam, sama perusahaan kelas Internasional buat didaftarin di PSE sedangkan buat jaga data WA aja sering bocor itu gimana logikanya??? Kominfo sudah punya kinerja sekelas kancah DUNIA? IYA KALO YANG MEGANG MASIH PAK RUDIANTARA

#BlokirKominfo",1.553732273983263e+18,0,0,4,0,"You ask for data from Google, Steam, with international class companies to be registered in PSE while just to protect WA data often leak, how do you log in ??? Kominfo already has the performance of the world of the world? Yes if the one who holds is still Mr. Rudiantara

#Blokirkominfo",0.0,0.0
1.55372982348664e+18,4758766038,id,2022-07-31 13:10:31,"@AdityaChristy2 @SydneyX5w @jokowi Cari lah di mbah google,, atau manual aja dlu,, ini bkan masalah bisa tdaknya kominfo menjamin data pribadi, tapi kominfo sebagai pemegang penuh komunikasi digital di indonesia pnya hak unk mendata platform yg ber operasi di indonesia, n itu harus dihormati",1.553444821976891e+18,0,1,0,0,"@Aditychristy2 @sydneyx5w @jokowi searched on google ,, or manual just dlu ,, this is not a problem, it can guarantee personal data, but the Ministry of Communication and Information as a full holder it must be respected",0.175,0.425
1.553728678655586e+18,1753849801,id,2022-07-31 13:05:58,@ernestprakasa @Arie_Kriting PSE katanya buat melindungi data penduduk Indonesia tapi kalau gini sih serius gw lebih percaya data gw di  Google daripada Kominfo,1.553683217294959e+18,0,1,0,0,"@nestprakasa @arie_kriting pse he said to protect Indonesian population data, but if I was serious, I believed my data on Google than Kominfo",-0.3333333333333333,0.6666666666666666
1.553727938239275e+18,77654478,ja,2022-07-31 13:03:02,"#RekayasaPolitikTamengResesi
#RekayasaPolitikTamengResesi
Nunes ØµÙ„Ø§Ø­ Suizid ãƒ™ãƒªã‚¢ãƒ« Mimi Emirhan æ°´ç€ãƒ™ãƒªã‚¢ãƒ«

Semoga rame dan terkumpul banyak. Wkwkwkâ€¦ 
https://t.co/STdDHp6XgP",1.553727938239275e+18,7,3,15,0,"#Rekayasapolitamengressesi
#Rekayasapolitamengressesi
NUNES Øµ Suizid Belial Mimi Emirhan Swimwear Belial

SEMOGA RAME DAN TERKUMPUL BANYAK. WKWKWKâ€¦
https://t.co/stddhp6xgp",0.0,0.0
1.55372288057942e+18,1436854611160165888,id,2022-07-31 12:42:56,"@boyinheaven_ @Isfunadila1 Para Neti MAHA GUOOBLOOOKKKK,
dri pada sibuk nyerang kominfo kenapa kalian gak buat Aplikasi sendiri, lalu daftar ke Kominfo. Lagian apa sulitnya daftar PSE, Google l, perusahaan yg udh besar aja mau kok daftar PSE. Dasar emang.
https://t.co/2oZHjhRCnw",1.553551926218064e+18,0,0,0,0,"@boyinheaveven_ @isfunadila1 The Neti Maha Guoobloookkkk,
Dri was busy attacking the Ministry of Communication and Information why you didn't make your own application, then register to Kominfo. Besides, what is the difficulty of the list of PSE, Google L, the company that has been big just want to list PSE. Basic.
https://t.co/2ozhjhrcnw",0.175,0.38125
1.55371608105932e+18,1323090359581199872,id,2022-07-31 12:15:55,#BlokirKominfo Reshuffle menteri @kemkominfo @PlateJohnny @NasDem  secepatnya. CC @jokowi https://t.co/4LQXT9vas7 https://t.co/DWpxkrJFrT,1.55371608105932e+18,2,0,1,1,#Blokirkominfo Reshuffle Minister @kemkominfo @platejohnny @nasdem as soon as possible. Cc @jokowi https://t.co/4lqxt9vas7 https://t.co/dwpxkrjfrt,0.0,1.0
1.553715332279603e+18,1418262540044280064,id,2022-07-31 12:12:56,"@radixwp Nih baca ... kalau mereka ngak daftar OJK mau nutup pinjol saja harus ngemis ngemis ke mereka ... ingat kita negara yg berdaulat ... termasuk omongan mu ... bila kita punya kedaulatan tentu lebih mudah melindungi warganegara .. jangan egois lah
https://t.co/Voyp5aK5uG",1.553556862578328e+18,0,1,0,0,"@radixwp, read ... if they don't list the OJK, you want to close the loan, you have to beg, beg ... remember that we are a sovereign country ... including your talk ... if we have sovereignty, it is certainly easier to protect citizens ... don't Selfish
https://t.co/voyp5ak5ug",-0.1428571428571428,0.7857142857142857
1.553712462582522e+18,777823665094205440,id,2022-07-31 12:01:32,Kalau daftarin perusahaan ke PSE = kominfo punya akses ke data kita di perusahaan yang daftar. Aku dukung google dkk gausah daftar aja deh. https://t.co/nTSb0uCUpd,1.553712462582522e+18,0,0,2,0,"If you register the company to PSE = Kominfo has access to our data at the list of companies. I support Google et al, just don't register. https://t.co/ntsb0ucupd",0.0,0.0
1.553711305197908e+18,2813089718,en,2022-07-31 11:56:56,"@Yumeiyume_purr Kominfo be like:
Haha sike, just for 5 days, PayPal better kneel before us and be a good bootlicker. 

I really hope Valve, Epic and others don't give a shit about @kemkominfo shitty terms. Google and others were being a pussy about it",1.553690733571232e+18,0,1,2,0,"@Yumeiyume_purr Kominfo be like:
Haha sike, just for 5 days, PayPal better kneel before us and be a good bootlicker. 

I really hope Valve, Epic and others don't give a shit about @kemkominfo shitty terms. Google and others were being a pussy about it",0.25,0.4666666666666666
1.553711231323714e+18,1463773286769200896,en,2022-07-31 11:56:38,"Some of Indonesians try to speculating Kominfo decided to make all the big company of social media like twitter, instagram, google, youtube, pinterest and etc. must be registered in PSE in order to get users data for president election. If that theory was true, it will scary.",1.5537102456412e+18,0,1,0,0,"Some of Indonesians try to speculating Kominfo decided to make all the big company of social media like twitter, instagram, google, youtube, pinterest and etc. must be registered in PSE in order to get users data for president election. If that theory was true, it will scary.",-0.02916666666666667,0.4541666666666667
1.553707258420179e+18,1144545157,ko,2022-07-31 11:40:51,"@raymizard_n @memefess MAHA GUOOBOOKKKK ë„¤í‹°ìŠ¤,
ë‹¹ì‹ ì€ Kominfoë¥¼ ê³µê²©í•˜ê¸°ì— ë°”ì˜ë¯€ë¡œ ìì‹ ì˜ ì‘ìš© í”„ë¡œê·¸ë¨ì„ ë§Œë“  ë‹¤ìŒ Kominfoì— ë“±ë¡í•˜ì‹­ì‹œì˜¤. ê²°êµ­ PSEì— ë“±ë¡í•˜ëŠ” ê²ƒì´ ì–¼ë§ˆë‚˜ ì–´ë ¤ìš´ì§€, Google, ë” í° íšŒì‚¬ëŠ” PSEì— ë“±ë¡í•˜ê³  ì‹¶ì–´í•©ë‹ˆë‹¤. ì •ë§ ê¸°ë³¸.",1.553636985243566e+18,0,0,0,0,"@Raymizard_n @memyfess Maha guoBookkkkkkkkkkkkkkkkkkkkkkkkkkkkkkkkkkkkkkkkkkkkkk
You are busy with attacking Kominfo, so create your own application and register in Kominfo. After all, how difficult it is to register on PSE, Google, larger company wants to register on PSE. Really basic.",0.06666666666666667,0.5041666666666667
1.553705186904121e+18,122670730,qme,2022-07-31 11:32:37,@SuiciDeSpair666 @aamaamaamm @lantip @rendy @thedufresne https://t.co/qXllsDotSI,1.553229276543336e+18,0,0,0,0,,,
1.553703925760799e+18,1369627659525787904,id,2022-07-31 11:27:36,@Abeduh_ @buanawisnu @Pucchi_JKT48 orang kominfo lagi ngawasin convo ini dan nyari nama ling arknights di google dan justru ikutan sabrut,1.553699796405584e+18,0,1,0,0,@Abeduh_ @buanawisnu @pucchi_jkt48 The Communication and Information Technology again Ngawasin Convo and looked for the name Ling Arknights on Google and instead followed the Sabrrut,0.0,0.0
1.553701403180544e+18,38590241,id,2022-07-31 11:17:35,"Saya tidak menemukan sosok juru bicara di tengah keributan blokir oleh Kominfo, ini sungguh mengherankan karena Kominfo pernah punya pak Gatot S Dewa Broto. Googling singkat, saya menemukan ada nama Dedy Permadi dan ada di rilis resmi kementerian.

Link: https://t.co/IX1683vnuL https://t.co/kGMkiKSKy8",1.553701403180544e+18,3,1,6,0,"I did not find a spokesman in the midst of the commotion of the Kominfo, this was truly surprising because the Ministry of Communication and Information had Pak Gatot S Dewa Broto. Short googling, I found the name Dedy Permadi and was in the official release of the ministry.

Link: https://t.co/IX1683vnul https://t.co/kgmkiksky8",0.35,0.4
1.553699849677128e+18,1414601608269210112,id,2022-07-31 11:11:25,"Bukan siapaÂ², tapi tiap buka google dan tahu kabar baru rasanya kok segitunya? Why?
#BrigadirJ 
#BrigadirJosua 
#brigadirjoshua 
#brigadir 
#kominfobadut 
#BlokirKominfo 
#kominfo",1.553699849677128e+18,0,0,0,0,"Not anyone, but every time you open Google and know the new news is how much it feels like? Why?
#Brigadirj
#Brigadirjosua
#brigadirjoshua
#brigadier
#KOMINFOBADUT
#Blokirkominfo
#Kominfo",0.1121212121212121,0.3848484848484848
1.553689940885508e+18,1553298536003141888,id,2022-07-31 10:32:02,"minum susu biar sehat 
full link tiktoknya : https://t.co/KjC3LH9FLe

#TikTokviral #kominfo #paypal #vcscolmek #vcsbugil #vcsreal #SANGE_AAAAAAAAAAH #bacol https://t.co/XPVimJDxei",1.553689940885508e+18,0,0,0,0,"drink milk to be healthy
Full Link Tiktok: https://t.co/kjc3lh9fle

#Tiktokviral #kominfo #paypal #vcscolmek #vcsbugil #vcsreal #sange_aaaaaaaaah #bacol https://t.co/xpvimjdxei",0.425,0.525
1.553688758616494e+18,1480556166753124096,ar,2022-07-31 10:27:20,"@boyinheaven_ @Isfunadila1 Ù…Ù‡Ø§ ØºÙˆØ¨Ù„ÙˆÙƒ Ù†ÙŠØªÙŠØ³ ØŒ
Ø¨Ø¯Ù„Ø§Ù‹ Ù…Ù† Ø§Ù„Ø§Ù†Ø´ØºØ§Ù„ Ø¨Ù…Ù‡Ø§Ø¬Ù…Ø© Kominfo ØŒ Ù„Ù…Ø§Ø°Ø§ Ù„Ø§ ØªÙ‚ÙˆÙ… Ø¨Ø¥Ù†Ø´Ø§Ø¡ Ø§Ù„ØªØ·Ø¨ÙŠÙ‚ Ø§Ù„Ø®Ø§Øµ Ø¨Ùƒ ØŒ Ø«Ù… Ù‚Ù… Ø¨Ø§Ù„ØªØ³Ø¬ÙŠÙ„ ÙÙŠ Kominfo. Ø¨Ø¹Ø¯ ÙƒÙ„ Ø´ÙŠØ¡ ØŒ Ù…Ø§ Ù…Ø¯Ù‰ ØµØ¹ÙˆØ¨Ø© Ø§Ù„ØªØ³Ø¬ÙŠÙ„ ÙÙŠ PSE Ø£Ùˆ Google Ø£Ùˆ Ø­ØªÙ‰ Ø§Ù„Ø´Ø±ÙƒØ§Øª Ø§Ù„ÙƒØ¨Ø±Ù‰ØŸ",1.553551926218064e+18,0,0,1,0,"@Boyinheaven_ @isfunadila1 Maha Gobllock Nitis,
Instead of busy attacking Kominfo, why don't you create your application, then register in Kominfo. After all, how difficult it is to register in PSE, Google, or even major companies?",-0.1125,0.6
1.553687465038332e+18,1547658233405246976,id,2022-07-31 10:22:12,"@bagiwang @detikcom Maaf bukan pajak guys, tapi aturan lain yg tidak dipenuhi (beritanya jg udah dihapus tuh)...ttp aja aturan harus ditegakkan

https://t.co/J9komw0waP",1.553528866815328e+18,0,0,0,0,"@bagiwang @detikcom sorry not tax guys, but other rules that are not fulfilled (the news has also been deleted) ... just the rules must be enforced

https://t.co/j9komw0wap",-0.3125,0.6875
1.553683902287737e+18,984618323861110784,nl,2022-07-31 10:08:03,"@boyinheaven_ @Isfunadila1 MAHA GUOOBLOOKKKK Netis, Aangezien bezig bent Kominfo aan te vallen, waarom maak je dan niet je eigen applicatie en registreer je dan bij Kominfo.Immers,hoe moeilijk is het om te registreren voor PSE, Google l, waarom willen bedrijven zich registreren voor PSE?basis inderdad",1.553551926218064e+18,0,0,4,0,"@boyinheaven_ @ISFunadila1 Maha Guooblookkkkkk Netis, since you are busy attacking Kominfo, why don't you make your own application and then register with Kominfo.immers, how difficult it is to register for PSE, Google L, why do companies want to do themselves Register for PSE? Basic",0.04999999999999999,0.60625
1.553680584178008e+18,4830373788,id,2022-07-31 09:54:51,So i made a quick design of blocked sites by kominfo with inspiration from google's material product. Lumayan seru juga untuk mengisi kegabutan ğŸ˜† #BlokirKominfo https://t.co/WsrE5OPYaR,1.553680584178008e+18,0,0,0,0,So I Made a Quick Design of Blocked Sites by Kominfo with Inspiration from Google's Material Product. Pretty exciting also to fill the uproar ğŸ˜† #Blokirkominfo https://t.co/wsre5opyar,0.2944444444444445,0.7666666666666666
1.553678901213565e+18,2781492470,id,2022-07-31 09:48:10,"@matiusagi @TretanMuslim Gini ya dek, kalo lu bilang gitu, harusnya lu lebih mikir gimana cara ""INDUSTRI LOCAL"" yang lu bilang itu masarin game mereka ke luar. Kalo elu bilang ""mereka bisa masarin via digital yang gue liat di google"" 

Itu namanya lu support bajakan anak muda

Di bayar brp sama kominfo?",1.553271388160479e+18,0,0,0,0,"@matiusagi @tretanmuslim like this deck, if you say that, you should think more about how to ""the local industry"" that you say it's the game of their game outside. If you say ""they can masarin via digital that I see on google""

That's called you support pirated young people

Paid brp with the Ministry of Communication and Information?",-0.02857142857142858,0.25
1.553676235498148e+18,58880688,id,2022-07-31 09:37:35,"Tegas! Kominfo Beri Waktu Google dkk Selesaikan Pendaftaran PSE, jika Tidak, Resmi Diblokir? https://t.co/pXrlcs4yrB",1.553676235498148e+18,0,0,0,0,"Assertive! Kominfo gives Google DKK time to complete PSE registration, if not, officially blocked? https://t.co/pxrlcs4yrb",0.1,0.4
1.553674933028327e+18,708590262226845696,id,2022-07-31 09:32:24,"#BlokirKominfo kenapa Kominfo nggak blokir Google Facebook Whatsaap? karena mereka butuh wkwkwkwk, mereka aja masih pake banyak produk yang belum daftar PSE kok, sok sokan menegakan aturan",1.553674933028327e+18,0,0,0,0,"#Blokirkominfo Why don't Kominfo block Google Facebook Whatsaap? Because they need wkwkwkwk, they still use a lot of products that have not yet registered PSE, pretending to uphold the rules",0.0,0.0
1.553674894625235e+18,1540940668423373056,id,2022-07-31 09:32:15,"Mau jalani Bisnis.. 
Tapi gak punya modal besar untuk jalakan!! 

Jgn berkecil hati. 

Quantum Metal berikan peluang kpd masyarakat Indonesia untuk dpt lakukan Bisnis JUAL-BELI emas (LM) tentunya dgn Legalitas Antam &  Kominfo. 

Simak, pelajari caranya :
https://t.co/XX3RVeg6c6 https://t.co/6bo0scuBYZ",1.553674894625235e+18,0,0,1,0,"Want to live a business ..
But don't have a big capital to jalakan !!

Don't be discouraged.

Quantum Metal provides opportunities to the people of Indonesia to be able to do the Gold Buy and Purchase Business (LM), of course, with the legality of Antam & Kominfo.

Listen, learn how:
https://t.co/xx3rveg6c6 https://t.co/6bo0scubyz",0.2121212121212121,0.4083333333333334
1.553672456522437e+18,58880688,id,2022-07-31 09:22:34,"Baru Daftar Manual, Kominfo Beri Tenggat Waktu Sebulan untuk Google Melengkapi Data PSE https://t.co/jEjEnCmadJ",1.553672456522437e+18,0,0,0,0,"New list manual, Kominfo gives a month deadline for Google to complete PSE data https://t.co/jejencadjj",0.1181818181818182,0.4272727272727272
1.553668570554384e+18,2839135292,pt,2022-07-31 09:07:07,"@boyinheaven_ @Isfunadila1 MAHA GOBLOOKKK Netis,
Em vez de estar ocupado atacando o Kominfo, por que vocÃª nÃ£o cria seu prÃ³prio aplicativo e se registra no Kominfo. Afinal, quÃ£o difÃ­cil Ã© se registrar no PSE, no Google ou em empresas ainda maiores?",1.553551926218064e+18,0,0,19,0,"@boyinheaven_ @isfunadila1 maha goblookkk Netis,
Instead of being busy attacking Kominfo, because you don't create your own application and register with Kominfo. After all, how difficult it is to register at PSE, Google or even larger companies?",0.04999999999999999,0.7
1.553667416789754e+18,187803815,id,2022-07-31 09:02:32,"Para Neti MAHA GUOOBLOOOKKKK,
dri pada sibuk nyerang kominfo kenapa kalian gak buat Aplikasi sendiri, lalu daftar ke Kominfo. Lagian apa sulitnya daftar PSE, Google l, perusahaan yg udh besar aja mau kok daftar PSE. Dasar emang. https://t.co/TCLZ534gCW",1.553667416789754e+18,0,0,0,0,"The netizens of Maha Guoobloookkkk,
Dri was busy attacking the Ministry of Communication and Information why you didn't make your own application, then register to Kominfo. Besides, what is the difficulty of the list of PSE, Google L, the company that has been big just want to list PSE. Basic. https://t.co/tclz534gcw",0.175,0.38125
1.55366513113283e+18,1277631957493400064,id,2022-07-31 08:53:27,"@4n664A @renjiro_junichi @PayPal @kemkominfo Iya gua tau gua bego mampus, tetapi setidaknya gua bisa membaca ketimbang loe https://t.co/tzWh4qQjtz https://t.co/NJndcSSwLD",1.553127190359056e+18,0,1,0,0,"@4n664a @Renjiro_junichi @paypal @kemkominfo yes I know I'm stupid, but at least I can read than you https://t.co/tzWh4qqjtz https://t.co/njndcsswld",-0.5499999999999999,0.7
1.553664029604061e+18,1090222239998333056,id,2022-07-31 08:49:04,"Para Neti MAHA GUOOBLOOOKKKK,
dri pada sibuk nyerang kominfo kenapa kalian gak buat Aplikasi sendiri, lalu daftar ke Kominfo. Lagian apa sulitnya daftar PSE, Google l, perusahaan yg udh besar aja mau kok daftar PSE. Dasar emang.",1.553664029604061e+18,0,0,0,0,"The netizens of Maha Guoobloookkkk,
Dri was busy attacking the Ministry of Communication and Information why you didn't make your own application, then register to Kominfo. Besides, what is the difficulty of the list of PSE, Google L, the company that has been big just want to list PSE. Basic.",0.175,0.38125
1.55366339706076e+18,2281550395,id,2022-07-31 08:46:34,Kominfo Beri Waktu Sebulan Google Selesaikan Pendaftaran PSE https://t.co/vyzlfkexuT,1.55366339706076e+18,0,0,0,0,KOMINFO GIVE A Month of Google Complete PSE Registration https://t.co/vyzlfkexut,0.1,0.4
1.553662100559372e+18,1237785164,id,2022-07-31 08:41:25,"Diblokirnya layanan distribusi digital permainan video, atau #steamdiblokir   oleh pemerintah Indonesia menjadi pertanyaan besar. Pasalnya, Valve sebagai distribusi Steam merasa dirugikan, karena Google dan YouTube tidak diblokir. https://t.co/rbuv2QWmLY",1.553662100559372e+18,0,0,0,0,"The blocking of digital video game distribution services, or #steamdiblokir by the Indonesian government is a big question. The reason, Valve as a Steam distribution feels disadvantaged, because Google and Youtube are not blocked. https://t.co/rbuv2qwmly",-0.1333333333333333,0.1666666666666667
1.553661859953521e+18,924204506891431936,id,2022-07-31 08:40:27,"@bellacarolline Lebih percaya data gw di simpan dan di olah sama google,meta dan microsoft daripada kominfo, infrastruktur lebih bagus,diatur sama para ahlinya juga dan pastinya lebih aman, gak kebocoran data kayak di kominfo, gw kerja di bidang teknologi, jadi tau dan bukan asal bacot",1.553654617019257e+18,0,0,3,0,"@bellacarolline more believes my data is stored and processed by Google, Meta and Microsoft than Kominfo, infrastructure is better, arranged by the experts as well and certainly safer, not leakage data like in the Ministry of Communication and Information Not the origin of Bacot",0.4047619047619047,0.5238095238095238
1.553660776207958e+18,1342524401816728064,id,2022-07-31 08:36:09,"my message to kominfo:
asu kowe jancok. blokiren kabeh internet, gen ors enek sing isa ngeakses apa-apa sing menurutmu ilegal, mboh kuwi youtube apa google, bajingan.",1.553660776207958e+18,0,1,0,0,"My Message to Communication and Information:
Asu Kowe Jancok. Blokiren Kabeh Internet, Gen Ors Enek Sing Isa accessing anything Sing, you think illegal, Mboh Kuwi Youtube what Google, Bajingan.",-0.5,0.5
1.55365984622583e+18,2388795571,id,2022-07-31 08:32:27,"Google sudah mendaftar PSE sejak 20 Juli secara manual. Menurut Kominfo, ratusan PSE lainnya juga mendaftar secara manual karena mengalami kesulitan hingga tenggat waktu yang diberikan habis. #Terbaru #Kilas https://t.co/sxq4Z6EpyK",1.55365984622583e+18,0,1,1,1,"Google has registered PSE since July 20 manually. According to Kominfo, hundreds of other PSEs also registered manually due to difficulties until the deadline given was up. #Bebaru #kilas https://t.co/sxq4z6EPYK",-0.125,0.375
1.553655712181473e+18,355324623,id,2022-07-31 08:16:01,@imrenagi @Google @qassandrach @rendybjunior @kemkominfo wkwkwkwk berarti eventnya untuk pengalihan isu kominfo ya bang ?,1.553646116335657e+18,0,0,0,0,"@imrenagi @google @qassandrach @rendybjunior @kemkominfo wkwkwkwk means the event to transfer the issue of the Ministry of Communication and Information, bro?",0.0,0.0
1.55365507437466e+18,68930552,id,2022-07-31 08:13:29,"Google sudah mendaftar PSE sejak 20 Juli secara manual. Menurut Kominfo, ada ratusan PSE lainnya yang juga mendaftar secara manual karena mengalami kesulitan hingga tenggat waktu yang diberikan habis.  https://t.co/AU9Ico73aJ",1.55365507437466e+18,0,0,2,1,"Google has registered PSE since July 20 manually. According to Kominfo, there are hundreds of other PSEs who also registered manually due to difficulties until the deadline given runs out. https://t.co/au9ico73aj",-0.125,0.375
1.553650738735337e+18,3570716532,id,2022-07-31 07:56:16,"Google Masih Bisa Diakses, Sudah Terdaftar di PSE Kominfo? https://t.co/jKk5I7jzQe",1.553650738735337e+18,0,0,0,0,"Google can still be accessed, already registered with PSE Kominfo? https://t.co/jkk5i7jzqe",0.0,0.0
1.553649695909872e+18,924204506891431936,id,2022-07-31 07:52:07,"Lebih percaya data gw di pegang sama google,meta dan microsoft daripada di pegang sama kominfo dkk, infrastruktur mereka lebih memadai dan human resources nya ahli IT, bukan orang gaptek semua #BlokirKominfo",1.553649695909872e+18,0,0,3,0,"More believe my data is held with Google, Meta and Microsoft than being held by Kominfo et al, their infrastructure is more adequate and Human Resources IT expert",0.3333333333333333,0.3583333333333333
1.553648923440746e+18,1460881736825377024,id,2022-07-31 07:49:03,"Kominfo Berpihak Pada Perjudian Karena Judi Online Tidak Diblokir Malah Youtube,Google Bakalan Diblokir Dan Steam Malah Diblokir #BlokirKominfo",1.553648923440746e+18,0,1,0,0,"Kominfo sided with gambling because online gambling is not blocked instead of YouTube, Google will be blocked and Steam is even blocked #Blokirkominfo",0.0,0.0
1.553648648218907e+18,598273730,id,2022-07-31 07:47:57,"@bacreative4 @rozelius Katanya ini bang:

https://t.co/VbpD6JkAC2",1.553628877536514e+18,0,0,0,0,"@bacreative4 @rozelius said this is Bang:

https://t.co/vbpd6jkac2",0.0,0.0
1.553646505051177e+18,2899232360,it,2022-07-31 07:39:26,"@Ahmad_ysuf @Isfunadila1 MAHA GUOOBLOOKKKK Netis, Cum Kominfo oppugnare occupatus es, cur non tuam applicationem facis, deinde cum Kominfo subcriptio. Post omnes, quam difficile est PSE subcriptio, Google l, quomodo magnas turmas PSE profiteri volunt? Basic quidem.",1.553551926218064e+18,0,0,0,0,"@Ahmad_ysuf @isfunadila1 maha guuoblookkkkkkkkkk, cum kominfo opputing occupatus es, curi non tuam applicationm facis, deinde cum kominfo subcriptio. Post omnes, quam difficult est pse subcriptio, google l, quica magnas spa pse Volunt profits? Basic Quidem.",-0.25,0.5625
1.553644370594865e+18,1447896634726096896,id,2022-07-31 07:30:57,"@memefess Para Neti MAHA GUOOBLOOOKKKK,
dri pada sibuk nyerang kominfo kenapa kalian gak buat Aplikasi sendiri, lalu daftar ke Kominfo. Lagian apa sulitnya daftar PSE, Google l, perusahaan yg udh besar aja mau kok daftar PSE. Dasar emang.l",1.553638121736405e+18,0,0,3,0,"@memeffes the netizens are guoobloookkkk,
Dri was busy attacking the Ministry of Communication and Information why you didn't make your own application, then register to Kominfo. Besides, what is the difficulty of the list of PSE, Google L, the company that has been big just want to list PSE. Basic indeed.l",0.175,0.38125
1.55364305762689e+18,1550787004774105088,zxx,2022-07-31 07:25:44,https://t.co/eCrTvgVxQt,1.55364305762689e+18,0,0,0,0,,,
1.553641695564399e+18,1081815945939545984,ja,2022-07-31 07:20:20,"@plebengers @memefess MAHA GUOOBLOOKKKK ãƒãƒ†ã‚£ã‚¹ã€
 Kominfo ã¸ã®æ”»æ’ƒã§å¿™ã—ã„ã®ã§ã€ç‹¬è‡ªã®ã‚¢ãƒ—ãƒªã‚±ãƒ¼ã‚·ãƒ§ãƒ³ã‚’ä½œæˆã—ã¦ã€Kominfo ã«ç™»éŒ²ã—ã¦ã¿ã¦ã¯ã„ã‹ãŒã§ã—ã‚‡ã†ã‹ã€‚ çµå±€ã®ã¨ã“ã‚ã€PSEã«ç™»éŒ²ã™ã‚‹ã®ã¯ã©ã‚Œãã‚‰ã„é›£ã—ã„ã®ã§ã™ã‹ã€Google lã€ãªãœå¤§ä¼æ¥­ã¯PSEã«ç™»éŒ²ã—ãŸã„ã®ã§ã™ã‹? ç¢ºã‹ã«åŸºæœ¬ã€‚",1.553636985243566e+18,0,0,2,0,"@Plebengers @memefess maha guuooblookkk Netis,
 I'm busy attacking Kominfo, so why not create your own application and register with kominfo? After all, how difficult it is to register with PSE, why do you want to register with PSE, Google L, why?",0.06666666666666665,0.7666666666666666
1.553635697524744e+18,1525288266294996992,id,2022-07-31 06:56:30,"@Isfunadila1 Para Neti MAHA GUOOBLOOOKKKK,
dri pada sibuk nyerang kominfo kenapa kalian gak buat Aplikasi sendiri, lalu daftar ke Kominfo. Lagian apa sulitnya daftar PSE, Google l, perusahaan yg udh besar aja mau kok daftar PSE. Dasar emang.",1.553551926218064e+18,0,18,5,0,"@Isfunadila1 Neti Supreme Guoobloookkkk,
Dri was busy attacking the Ministry of Communication and Information why you didn't make your own application, then register to Kominfo. Besides, what is the difficulty of the list of PSE, Google L, the company that has been big just want to list PSE. Basic.",0.175,0.38125
1.553635627551183e+18,1525288266294996992,id,2022-07-31 06:56:13,"@Isfunadila1 Para Neti MAHA GUOOBLOOOKKKK,
dri pada sibuk nyerang kominfo kenapa kalian gak buat Aplikasi sendiri, lalu daftar ke Kominfo. Lagian apa sulitnya daftar PSE, Google l, perusahaan yg udh besar aja mau kok daftar PSE. Dasar emang.",1.553551926218064e+18,3,89,34,48,"@Isfunadila1 Neti Supreme Guoobloookkkk,
Dri was busy attacking the Ministry of Communication and Information why you didn't make your own application, then register to Kominfo. Besides, what is the difficulty of the list of PSE, Google L, the company that has been big just want to list PSE. Basic.",0.175,0.38125
1.553633966158033e+18,71436318,id,2022-07-31 06:49:37,"Kementerian Kominfo Klaim Ratusan PSE sedang Proses Pendaftaran, Termasuk Google dan STEAM https://t.co/w0RHJyRrtA https://t.co/4cYrkYgqVJ",1.553633966158033e+18,0,0,2,0,"Ministry of Communication and Information Claims Hundreds of PSEs are on the process of registration, including Google and Steam https://t.co/w0rhjyrrta https://t.co/4cyrkygqvj",0.0,0.0
1.553630698560705e+18,383110522,en,2022-07-31 06:36:38,https://t.co/y6yTzuwFed SUMBER,1.553630654348538e+18,5,4,74,0,https://t.co/y6yTzuwFed SUMBER,0.0,0.0
1.553628656593162e+18,1368659517408354048,und,2022-07-31 06:28:31,"@AditMKM @Retweetduluah ğŸ˜
https://t.co/Z28qw4e0HN

#SummerSlam #ajapsv #BBNaija #BBNaijaGuinnessSmooth #kominfo #KominfoKontol #sisk4eeecomeback #BesokSenin https://t.co/0qUEkfedUQ",1.553292208765149e+18,0,0,0,0,,,
1.553625319860359e+18,1310177391281499904,id,2022-07-31 06:15:15,@tbiru google drive udah terdaftar kok di kominfo kak,1.553624872403993e+18,0,0,0,0,@tbiru google drive already registered at the Ministry of Communication and Information,0.0,0.0
1.553624498162655e+18,1182957210411785984,id,2022-07-31 06:11:59,Rekan2 dari Google Sumedang LLC masih lancar beroperasi di Indonesia karena sudah daftar PSE sehingga tidak diblokir kominfo. https://t.co/Gbqf0Q3a9t,1.553624498162655e+18,0,0,1,0,Colleagues from Google Sumedang LLC are still operating smoothly in Indonesia because it has a PSE list so that the Ministry of Communication and Information is blocked. https://t.co/gbqf0q3a9t,0.4,0.5
1.553623741556748e+18,1159324264538897920,id,2022-07-31 06:08:59,"@Ahmad_ysuf @Isfunadila1 katanya pengen indonesia jadi teknologi terbaik di asia tenggara,targetnya 2024, kominfo loh yg ngomong, silahkan cek di google ada itu. yang jadi pertanyaan nya ini kebijakan malah berlawanan dengan yang diucapkan. katanya mau memajukan e-sport, kok malah kek gini kebijakannya?",1.553551926218064e+18,0,1,0,0,"@Ahmad_YSUF @isfunadila1 he said he wanted Indonesia to be the best technology in Southeast Asia, the target was 2024, Kominfo who talked, please check on Google. The question is the policy is actually contrary to what is spoken. He said he wanted to advance e-sports, how come even the policy?",0.5,0.2
1.553622728032547e+18,50993548,id,2022-07-31 06:04:57,"Terus diam-diam ngomong bahwa google sudah ndaftar tapi lewat jalur privat. Nanti semua yang dibutuhkan kominfo juga didaftar kominfo tanpa mereka butuh ndaftar. Karena kementerian masih butuh. #BlokirKominfo 

Paling sulit memang ""tahu diri"" dan ""tahu malu""

Kayak aku juga gitu",1.553622172274668e+18,2,0,0,0,"Continue to secretly say that Google has registered but through private paths. Later, everything that Kominfo needs is also registered by the Ministry of Communication and Information without them needing to be registered. Because the ministry still needs. #Blokirkominfo

The most difficult is ""self -know"" and ""shame""

Like me too",-0.08,0.515
1.553622100375896e+18,1191324150998000128,id,2022-07-31 06:02:28,@txtdrkaumbengek Google drive pliszz di blokk???ğŸ˜­ teruntuk kominfo https://t.co/myhkw7zk01,1.553333960050344e+18,0,0,0,0,@txtdrkaumbengkek google drive pliszz in blocked ??? ğŸ˜­ for the Ministry of Communication and Information https://t.co/myhkw7zk01,0.0,0.0
1.553617698185433e+18,91103761,id,2022-07-31 05:44:58,"Aku ngga tau apa2 blass soal Paypal.
Tapi td aku ngga sengaja nguping anakku lagi ngerumpi soal Paypal dngn teman2nya. Dia punya bakat n komunitas Manga. Suka jual beli gambar komik. Biarlah... asal jangan jual beli sabu.

https://t.co/5JdKFzcCIt",1.553617698185433e+18,0,0,0,0,"I don't know anything blass about paypal.
But I don't deliberately eavesdropping my son to huddle about paypal with his friends. He has talent n the manga community. Like buying and selling comic images. Let it be ... just don't buy and sell methamphetamine.

https://t.co/5jdkfzccit",0.25,0.5
1.55361409405356e+18,435004096,id,2022-07-31 05:30:39,"@sastrawanawan Platform layanan keuangan PayPal tak memiliki izin sama sekali di Indonesia.

https://t.co/mVdFqvLILY",1.553606870702883e+18,0,0,2,0,"@Sastrawan Paypal Financial Services Platforms do not have permission at all in Indonesia.

https://t.co/mvdfqvlily",0.0,0.0
1.553613882496881e+18,1546847333945573120,en,2022-07-31 05:29:48,"@PayPal @AskPayPal U stubborn indeed,people now LEAVING #PayPal,coz U dont want to register(different than #Google,#Gmail,#WhatsApp,#Instagram,#Facebook,#Twitter etc)why #Indonesia blocks #PayPal https://t.co/fyOukKwoeh trash indeed!Why so difficult to register?@elonmusk,pls help https://t.co/LvwrCISHA4",1.553613882496881e+18,2,0,2,0,"@PayPal @AskPayPal U stubborn indeed,people now LEAVING #PayPal,coz U dont want to register(different than #Google,#Gmail,#WhatsApp,#Instagram,#Facebook,#Twitter etc)why #Indonesia blocks #PayPal https://t.co/fyOukKwoeh trash indeed!Why so difficult to register?@elonmusk,pls help https://t.co/LvwrCISHA4",-0.5,1.0
1.553613820420968e+18,1540273273858301952,id,2022-07-31 05:29:34,"Kominfo anak anj kontol tolol banjingan. sumpah dah skrng jadi susah dpt pekerjaan karena kominfo goblok, apalagi nge blockir google classroom orng2 yang masih sekolah online nanti ngerjain tugasnya gimana, block steam sma epic games nanti Vtuber sma gamer indo main ap, goblok",1.553613820420968e+18,0,0,0,0,"Kominfo Anak Anj stupid dick. I swear now so it's hard to get a job because Kominfo is stupid, let alone bloc, google classroom people who are still in school online later do their work, block steam high school epic games later vtuber high school gamer indo playing ap, goblok",-0.1839583333333333,0.5027083333333333
1.553608560541843e+18,1233977056607604992,id,2022-07-31 05:08:40,"""KiTi IdIh PinYi lIYinIn lIiN YinG tINggIh""
Ya masalahnya layananmu ccd dan ga tersedia di google adsense.
Udah gaptek, kominfo, eh sok penting pula lagi.

Source:
https://t.co/RPnxAm1OsH

#BlokirKominfo https://t.co/q9Fp9fZWDk",1.553608560541843e+18,34,29,126,4,"""Kiti Idih Pinyi Liyinin Liin Ying is high""
Yes, the problem is your service is CCD and isn't available on Google Adsense.
Already gaptek, Kominfo, eh pretentiously important anymore.

Source:
https://t.co/rpnxam1osh

#Blokirkominfo https://t.co/q9fp9fzwdk",0.32,0.6466666666666666
1.553608090435875e+18,435004096,id,2022-07-31 05:06:48,"Alasan @kemkominfo memblokir beberapa aplikasi pada hari ini, karena aplikasi-aplikasi tersebut tidak melakukan pendaftaran SE hingga tanggal 29 Juli 2022 pukul 23.59 WIB.
@PlateJohnny @jokowi
https://t.co/wbtVaM7ZKX",1.553608090435875e+18,0,1,1,0,"The reason @kemkominfo blocked several applications today, because these applications did not register until July 29, 2022 at 23.59 WIB.
@Platejohnny @jokowi
https://t.co/wbtvam7zkx",0.0,0.0
1.553606518792106e+18,1092687486420045952,id,2022-07-31 05:00:33,"@man_guyyoutube @Isfunadila1 Kementerian Komunikasi dan Informatika Republik Indonesia (Kominfo) RI
(021) 3452841
https://t.co/JVcnh8QmTG",1.553551926218064e+18,9,1,122,0,"@man_guyoutube @isfunadila1 Ministry of Communication and Information of the Republic of Indonesia (Kominfo) RI
(021) 3452841
https://t.co/jvcnh8qmtg",0.0,0.0
1.553606484985926e+18,1272160198690344960,id,2022-07-31 05:00:25,"Baru tau yg di blok banyak bgt trus rata"" aplikasi berguna semuağŸ˜­ GCR, GMAIL, G-DRIVE, MAKSUDNYA APA YAH???ğŸ˜­ #kominfo gmail sama google drive gmna buat penyimpanan nyah? AstagağŸ¤¦â€â™€ï¸ https://t.co/tzNKYqZarp",1.553606484985926e+18,0,0,0,0,"Just found out that the block is very much and then flat ""the application is useful all, Gmail, Gmail, G-Drive, what do you mean ??? ğŸ˜­ #Kominfo Gmail and Google Drive Gmna for storage? GoshğŸ¤¦â€â™€ï¸ https: // t. CO/TZNKYQZARP",0.05562500000000001,0.268125
1.55360116665079e+18,118045216,id,2022-07-31 04:39:17,@fajrinamaya Jaman kominfonya Rudiantara ga begini. 6 tahun lalu waktu masih kuliah banyak event2 seminar dan workshop yang kerja sama dengan Bekraf dan Google indonesia. Salah satunya program Indonesia Android Kejar (workshop bikin app android) kalo tidak salah kominfo Ã— google indonesia,1.553595879726395e+18,0,0,1,0,@fajrinamaya Age of the Communication and Information Rudiantara is not like this. 6 years ago when I was still in college there were many seminar events and workshops in collaboration with Bekraf and Google Indonesia. One of them is the Indonesian android program chasing (workshop for making an android app) if I'm not mistakenly Kominfo Ã— Google Indonesia,0.5,0.5
1.553599779544117e+18,1496766357001874944,id,2022-07-31 04:33:46,"Kominfo kenapa ga apus/blokir/blacklist aplikasi2 PINJOL? Kenapa malah yg penting2 di blokir contoh google classroom, gimana ini wkwkwk terlalu posesif sama rakyat apa gimana egois banget",1.553599779544117e+18,0,0,0,0,"Kominfo why not APUS/Block/Blacklist Loan Applications? Why is it even important to block the example of Google Classroom, how is this time too possessive with the people what is really selfish",-0.04999999999999999,1.0
1.553598752195166e+18,164119191,en,2022-07-31 04:29:41,"https://t.co/SYKmkN9Vzw 

#BlokirKominfo Steam PayPal",1.553598752195166e+18,0,0,0,0,"https://t.co/SYKmkN9Vzw 

#BlokirKominfo Steam PayPal",0.0,0.0
1.553596565675131e+18,164119191,pl,2022-07-31 04:21:00,"https://t.co/isWhDOTt7h 

#BlokirKominfo Steam PayPal DOTA",1.553596565675131e+18,0,0,1,0,"https://t.co/iswhdott7h

#BloKirkominfo Steam PayPal Dota",0.0,0.0
1.553595801867211e+18,164119191,en,2022-07-31 04:17:58,"https://t.co/SYKmkN9Vzw

 #BlokirKominfo Diblokir Steam Paypal",1.553595801867211e+18,0,0,0,0,"https://t.co/SYKmkN9Vzw

 #BlokirKominfo Diblokir Steam Paypal",0.0,0.0
1.553595637483991e+18,2269785619,id,2022-07-31 04:17:19,"@aoneeru @kemkominfo Ibarat DNS itu sebagai translator simpelnya hehe makanya PayPal ke blokir itu kyknya domainnya yg di block kominfo, tapi kalau kita pakai DNS 3rd party kyk google/cloudflare bisa akses karena kita pakai translasi lain, CMIIW ğŸ™ğŸ»",1.55311879227161e+18,0,1,2,0,"@AOneeru @kemkominfo is like a DNS as a simple translator hehe, so paypal to the block is like the domain that is blocked by the Kominfo, but if we use DNS 3rd Party, Google/CloudFlare can access it because we use other translations, cmiiw ğŸ™ğŸ»",-0.04166666666666666,0.2440476190476191
1.553593681751421e+18,1937708070,id,2022-07-31 04:09:32,"Jokes of the day:

Lagi liat google, ada berita terkait kominfo dari yahoo yg nge-link ke media tanah air. 

Pas diklik, yahoonya gak bisa dibuka karena keblokir ğŸ˜ https://t.co/CPOZIqnWnp",1.553593681751421e+18,0,0,0,0,"Jokes of the Day:

Again, seeing Google, there is news related to the Communication and Information from Yahoo who link to the media of the country.

When clicked, Yahoonya can't be opened because of blocking ğŸ˜ https://t.co/cpoziqnwnp",0.0,0.4
1.55358898416479e+18,1417798634599424000,id,2022-07-31 03:50:52,Ok Google! Siapakah Nama Meteri Kominfo Indonesia? https://t.co/WUJbqVlWca,1.55358898416479e+18,1,3,15,0,OK google! What is the name of the Meteri Kominfo Indonesia? https://t.co/wujbqvlwca,0.625,0.5
1.553585714537038e+18,937141522000109568,id,2022-07-31 03:37:53,"Situ make IG, FB, WA, GOOGLEDRIVE, google tapi mau ngeblokir semua itu 
Apa anda yakin? 
Solusinya bagaimana? 
Kreator-kreator digital nasibnya bagaimana? Freelancer juga bagaimana nasibnya? 
Nasib E-sport indonesia bagaimana? #kominfo #BlokirKominfo #Viral",1.553585714537038e+18,1,0,4,0,"Situ make ig, fb, wa, googledrive, google but want to block all that
Are you sure?
How is the solution?
How about digital creators? Freelancers also what fate?
How about the fate of Indonesian e-sports? #kominfo #blokirkominfo #viral",0.25,0.4444444444444444
1.55358216661266e+18,1463773286769200896,en,2022-07-31 03:23:47,"@rxxbi_ Oh wait, I recently read this:
https://t.co/Vt0CNec0al
If that's true, we're no longer using Microsoft Office to do some school assignments again...",1.553554384386023e+18,0,0,0,0,"@rxxbi_ Oh wait, I recently read this:
https://t.co/Vt0CNec0al
If that's true, we're no longer using Microsoft Office to do some school assignments again...",0.175,0.45
1.553580938952552e+18,110946330,id,2022-07-31 03:18:54,"@uurmif @txtfrombrand Bro, the hard truth is, kalaupun dikenain pajak, pajak itu bakal dibebankan ke user sama platform tsb. Kayak google ads, sejak kena pajak, yang bayar lebih mahal ya umkm. 
Terus pajaknya dipake bikin website ampas dan jalan2 sama kominfo. Yg rugi tetep kerak2 di bawah",1.553269256858784e+18,0,0,0,0,"@uurmif @txtfrombrand bro, the hard truth is, even if it is taxed, the tax will be charged to the user and the platform. Like Google Ads, since taxable, those who pay more expensive are MSMEs.
Then the tax is used to make a piped website and walk with the Ministry of Communication and Information. The loss still the crust below",-0.09722222222222222,0.5805555555555555
1.553579438691889e+18,1153927344924418048,id,2022-07-31 03:12:56,"Ini artinya ada penambahan sekitar 35 juta pengguna internet di Indonesia.

Yummyyyâ€¦. siapa yang tidak tergiur melihat potensi yang ada di Indonesia?Â  Bohong besar, jika platform raksasa seperti Google, Facebook, Youtube tidak peduli dengan kebijakan Kominfo ini.",1.553577671485174e+18,0,1,1,0,"This means that there is an addition of around 35 million internet users in Indonesia.

Yummyyy ... Who is not tempted to see the potential that exists in Indonesia? Big lie, if a giant platform like Google, Facebook, YouTube does not care about this Kominfo policy.",0.0,0.7000000000000001
1.553578087958295e+18,2208471464,zxx,2022-07-31 03:07:34,https://t.co/evHcnHPFTb,1.553578087958295e+18,0,0,0,0,,,
1.553573430363955e+18,1414637894581424128,en,2022-07-31 02:49:04,Is kominfo fr blocking google classroom? I need explanation what did classroom do to you kominfo.. @whoispeony tebak negara yukk,1.553573430363955e+18,0,0,0,0,Is kominfo fr blocking google classroom? I need explanation what did classroom do to you kominfo.. @whoispeony tebak negara yukk,0.0,0.0
1.55357302439741e+18,1535191601806742016,id,2022-07-31 02:47:27,"Belum Tercatat di Laman PSE, Kominfo: Google dan Youtube Daftar Manual â€“ suara â€“ https://t.co/s7Tc3a1tj4 â€“Â #Opsitek https://t.co/aZ1oMmydeS",1.55357302439741e+18,0,0,0,0,"Not yet recorded on the PSE page, Kominfo: Google and YouTube Manual List - Suara - https://t.co/s7tc3a1tj4 - #opsitek https://t.co/az1ommydes",0.0,0.0
1.553566494109626e+18,67843800,id,2022-07-31 02:21:30,"nyoba netral aja.. yakali kalo apps/web luar pada register PSE sebelum deadline kan ya gabakal diblokir, kek google, wa, tt, dll misalnya.

dan harusnya kominfo selektif juga dong, masa ada juga apps judi yang sudah registered dan acc.. hmmm ğŸ« ğŸ™ƒ",1.553566494109626e+18,0,0,0,0,"Just try neutral ... believe if the external apps/web on the PSE register before the deadline is not blocked, KEK Google, WA, TT, etc. For example.

And the Ministry of Communication and Information should be selective, when there are also gambling apps that are already registered and acc .. hmmm ğŸ« ğŸ™ƒ",0.0,0.1
1.553566342686679e+18,1015189881281129984,id,2022-07-31 02:20:54,"@nabilbarnes udahh, w yg blm update ternyata ğŸ˜­ğŸ™ https://t.co/pceN4hebxT",1.55348906231235e+18,0,0,0,0,"@nababarnes already, the one who hasn't updated it turns out ğŸ˜­ğŸ™ https://t.co/pcen4hebxt",0.0,0.0
1.553564994540868e+18,1535191601806742016,id,2022-07-31 02:15:33,"Cara Buka PayPal, Steam, Epic Games Hingga Origin Yang Diblokir Kominfo Lewat Google Chrome Dan VPN â€“ inews â€“ https://t.co/tGvqlDzWcJ â€“Â #Opsitek https://t.co/1fYJo93IwP",1.553564994540868e+18,1,0,0,0,"How to Open Paypal, Steam, Epic Games to Origin which is blocked by Kominfo via Google Chrome and VPN - iNews - https://t.co/tgvqldzwcj - #opsitek https://t.co/1fyjo93iwp",0.05,0.45
1.553563968295223e+18,159408065,id,2022-07-31 02:11:28,"@dimasbe @kemkominfo Maksudnya edukasi ke masyarakat be, banyak yg tidak tersentuh informasi dan urgensi kenapa harus terdaftar di PSE. Akhirnya pas udh diblokir masyarakat hanya bisa marah2. Apalagi ada situs judi online yg boleh dan terdaftar di PSE. Makin bingung kanğŸ˜‚ https://t.co/B3L4siAN2Y",1.553533625001382e+18,0,1,0,0,"@dimasbe @kemkominfo means education to the community be, many are not touched by information and urgency why should be registered with PSE. Finally, when it was blocked by the community, they could only be angry. Moreover, there are online gambling sites that are allowed and registered in PSE. More confused rightğŸ˜‚ https://t.co/b3l4sian2y",0.01666666666666666,0.7833333333333333
1.553562034088051e+18,2441101664,id,2022-07-31 02:03:47,"Gimana sih caranya supaya KOMINFO bisa diblokir oleh google? Kalau bisa situs domain .co.id / .com nya diblokir sekalian. Kalau bisa internet untuk gedung kominfo diblokir sekalian. Please guys yang ahli, mau pakai cara legal / ilegal terserah. #KominfoKontol #BlokirKominfo https://t.co/jOamqfVx3b",1.553562034088051e+18,0,1,6,0,"How do you make Kominfo can be blocked by Google? If possible the .co.id / .com domain site is blocked as well. If possible the internet for the Communication and Information Building is blocked as well. Please guys who are experts, want to use legal / illegal methods whatever. #Kominfokontol #Blokirkominfo https://t.co/joamqfvx3b",-0.075,0.675
1.553561786217284e+18,2267416578,id,2022-07-31 02:02:48,@glrhn Source biar gak makin marah: https://t.co/DUjSEbhZ0j,1.553417096452719e+18,0,1,0,0,@glrhn source so that it won't get angry: https://t.co/dujsebhz0j,-0.5,1.0
1.553561325565104e+18,1535191601806742016,id,2022-07-31 02:00:58,Penjelasan Lengkap Kominfo soal Blokir PayPal â€“ detikFinance- Google Berita- https://t.co/0AaFoOnlLe â€“Â #Opsiin https://t.co/Zosmc8T8kq,1.553561325565104e+18,0,0,0,0,Complete explanation of the Ministry of Communication and Information Problem Block Paypal- DetikFinance- Google Berita- https://t.co/0aafoonlle- #opsiin https://t.co/zosmc8t8kq,0.1,0.4
1.553560572364747e+18,1297812691625509120,en,2022-07-31 01:57:58,"this is just paypal, and some game platforms and people are already mad.

Kominfo actually initially planned to block Google & Meta, you can imagine how chaotic the internet is. ğŸ‘ğŸ˜‚",1.553560572364747e+18,0,0,1,0,"this is just paypal, and some game platforms and people are already mad.

Kominfo actually initially planned to block Google & Meta, you can imagine how chaotic the internet is. ğŸ‘ğŸ˜‚",-0.3416666666666666,0.4666666666666666
1.553556922020041e+18,143673058,id,2022-07-31 01:43:28,kominfo tolong jangan blokir google form dulu untuk 2 minggu kedepan ya ğŸ˜­ğŸ˜­,1.553556922020041e+18,0,0,0,0,"Kominfo, please don't block the Google Form first for the next 2 weeks, soon",0.125,0.1666666666666667
1.553556873441583e+18,1418262540044280064,id,2022-07-31 01:43:16,"Yang sangat mengherankan adalah mereka bukan memaki para pengusaha yg bandel tapi justru memaki institusi yg menegakan kedaulatan digital Negara ... dimana sih logikanya ?apakah kegototan perusahaan perusahaan besar itu harus di biarkan ?
https://t.co/Voyp5aK5uG",1.553556862578328e+18,1,2,4,0,"What is very surprising is that they are not cursing stubborn entrepreneurs but instead cursing institutions that uphold the country's digital sovereignty ... where is the logic? Is the greatness of the large company must be left?
https://t.co/voyp5ak5ug",0.2810714285714285,0.2696428571428571
1.553554281889817e+18,1411580154766249984,id,2022-07-31 01:32:59,"Freelancer make paypal, gamer pc main pake steam, google down ada yahoo, game free di epic baru gw mau klaim sebelum lu BLOKIR.

Lu tau ga seberapa GOBLOK Pemikiran lu itu KOMINFO, Steam udh BAYAR PAJAK 10%. YOUR IDEA IS SO STUPID.",1.553234046754308e+18,0,0,0,0,"Freelancers make paypal, PC gamers play using steam, google down there are yahoo, free games in the new epic I want to claim before you block.

You know how stupid your thoughts are Kominfo, Steam has paid 10%tax. Your idea is so stupid.",-0.1865319865319865,0.6572390572390573
1.553553446371877e+18,1080637507304272000,id,2022-07-31 01:29:39,"@san2wae @tukangnya_ra @_FakhriF @prmzk @kemkominfo Google Drive di blocked juga ya... padahal ini platfom bagus buat nyimpen dokumenÂ² penting. 
Kominfo main blokir kek gini, awalnya melakukan resert dulu apa egak si?",1.553227371188171e+18,0,0,0,0,"@san2wae @tukangnya_ra @_fakhrif @prmzk @kemkominfo google drive also blocked too ... even though this platfom is good for storing important documents.
Kominfo played like this, initially did the first resert?",0.3375,0.4833333333333333
1.553552886071951e+18,2267416578,id,2022-07-31 01:27:26,"They said: Bukannya kiamat, ada proses normalisasi. Source: https://t.co/DUjSEbhZ0j Closed y guys, sabarin aja selow :)",1.553552886071951e+18,0,1,0,0,"They said: instead of doomsday, there is a normalization process. Source: https://t.co/dujsebhz0j closed y guys, just be patient :)",0.2,0.55
1.553552472689754e+18,2267416578,id,2022-07-31 01:25:47,"@suguwru Kominfo bilang: Bukannya kiamat, ada proses normalisasi. Source: https://t.co/DUjSEbhZ0j",1.55320626855451e+18,0,1,0,0,"@suguwru Kominfo said: instead of doomsday, there is a normalization process. Source: https://t.co/dujsebhz0j",0.0,0.0
1.553552380561568e+18,164119191,id,2022-07-31 01:25:25,"https://t.co/isWhDOTt7h

#BlokirKominfo Diblokir Steam Dota #BlokirKominfo #BlokirKominfo #BlokirKominfo #BlokirKominfo",1.553552380561568e+18,0,0,0,0,"https://t.co/isWhdott7H

#Blokirkominfo blocked by steam dota #blokirkominfo #blokirkominfo #blokirkominfo #blokirkominfo",0.0,0.0
1.553548265379209e+18,1381023660589208064,id,2022-07-31 01:09:04,"Bagaimana jika kerusuhan 1998 kembali terulang hanya karena Kominfo kekeuh pada pendiriannya dan yakin jika generasi muda bisa membuat aplikasi alternatif pengganti Google, steam, dsb seperti yang dilakukan China? https://t.co/NvPHjPhXn7",1.553548265379209e+18,0,1,0,0,"What if the 1998 riots were repeated only because the Communication and Information Communication and Communication and Information on his establishment and were sure that the younger generation could make alternative applications for Google, Steam, etc. as China did? https://t.co/nvphjphxn7",0.1666666666666667,0.6296296296296297
1.553544525897171e+18,1500517271675944960,id,2022-07-31 00:54:13,".-.
Ada pertanyaan saya, sibodoh ini:
**
Apakah memang membahayakan NKRI sehingga dibanned?
**
cc ğŸ™ -Bpk. @mohmahfudmd 
           -Menteri @kemkominfo 
**
**
https://t.co/voPGgayIqQ",1.553544525897171e+18,0,0,0,0,".-.
There is my question, this stupid:
**
Is it really dangerous to the Republic of Indonesia so it is banned?
**
CC ğŸ™ -BPK. @mohmahfudmd
           -MENERI @Kemkominfo
**
**
https://t.co/vopggayiqq",-0.7,0.95
1.553541410971738e+18,797761417894051840,id,2022-07-31 00:41:50,"@_MbakSri_ Menurut Dirjen Aptika Kemenkominfo, Semuel A. Pangerapan, Google sudah melakukan pendaftaran melalui jalur manual, bukan secara online. Sebab, menurut Semuel, Google mendaftarkan banyak layanannya sehingga harus dilakukan secara manual.

https://t.co/OD8FDYm8Nk",1.553334220067463e+18,0,0,2,0,"@_Mbaksri_ According to the Director General of Aptika Kemenkominfo, Semuel A. Pangerapan, Google has registered through manual paths, not online. Because, according to Semuel, Google registered many services so it must be done manually.

https://t.co/od8fdym8nk",0.275,0.5
1.553540634245726e+18,2267416578,en,2022-07-31 00:38:45,@glrhn @carparknorth The data said: https://t.co/DUjSEbhZ0j https://t.co/7HAZg1GPtW,1.553417096452719e+18,0,1,0,0,@glrhn @carparknorth The data said: https://t.co/DUjSEbhZ0j https://t.co/7HAZg1GPtW,0.0,0.0
1.553537035499377e+18,224431376,id,2022-07-31 00:24:27,"@farhanthaleb2 Ya benar, coba kalo konsisten, blokir itu harusnya dari kemarin-2, coba google diblokir, berani gak? Dihalaman udah daftar PSE belum ada, alasannya udah daftar manual, hari gini manual, platform IT loh? 
https://t.co/1WwFuoctK9",1.55343977328479e+18,0,1,0,0,"@Farhanthaleb2 that's right, try if it's consistent, it should be blocked from yesterday-2, try google blocked, dare or not? There is no PSE list on the page, the reason is the manual list, manual day, the IT platform?
https://t.co/1wwfuoctk9",0.2678571428571428,0.3928571428571428
1.553535938483339e+18,2267416578,id,2022-07-31 00:20:05,"@_sanz24_ Nah makanya, menurut saya juga kominfo cuma menepati janjinya kak.  Source: https://t.co/DUjSEbhZ0j https://t.co/dM143INZpi",1.55320626855451e+18,0,1,0,0,"@_sanz24_ Well, that's why, in my opinion also Kominfo just keeps his promise sis. Source: https://t.co/dujsebhz0j https://t.co/dm143inzpi",0.0,0.0
1.553528740470493e+18,196504691,id,2022-07-30 23:51:29,"Barusan buka google, nyoba gitu nyari tentang Origin. Lah diblokir kominfo ternyata",1.553528740470493e+18,0,0,0,0,"Just open Google, try so looking for origin. It was blocked by the Ministry of Communication and Information",0.0,0.5
1.553522540537995e+18,1117436973986094976,id,2022-07-30 23:26:51,"@kukuhsaputro_ @kemkominfo Perusahan raksasa aja patuh, percuma koarÂ² di twitter, toh mereka juga lama kelamaan akan patuh juga sama regulasi barunya ğŸ¤£ğŸ˜…

Baca aja lengkapnya di sini ya.

https://t.co/IIUN4YGFlC https://t.co/8MgEK7q16B",1.553516025349427e+18,0,1,0,0,"@kukuhsaputro_ @kemkominfo giant company just obedient, useless on Twitter, after all they will also gradually obey the new regulations ğŸ¤£ğŸ˜…

Just read the full here.

https://t.co/iun4ygflc https://t.co/8mgek7q16b",0.07727272727272727,0.6209090909090909
1.553514558022914e+18,163470739,id,2022-07-30 22:55:08,HAHAHAHAHA kominfo ngeblock paypal sungguh sangat minta di maki2!terus gajian dari google gua harus via apaaa?taugak kalo sistem transfer bank di indonesia dari luar tuh masih sangatsangatsangat buat biaya admin&pajaknya yg WAW?!peres aja rakyat sampe kita bunuh2anğŸ™‚,1.553514558022914e+18,0,0,0,0,"Hahahahaha Kominfo Ngeblock Paypal really asking in Maki2! Then payday from Google I have to via what? You know that if the bank transfer system in Indonesia from outside is still very very very, for the admin and tax costs that are waw?!",0.19375,0.3100000000000001
1.553511604167119e+18,2549250768,id,2022-07-30 22:43:23,"Awas aja kalo kominfo ngblock gmail, google spread sama doc! Gila kerja pake apa kalo ga ada itu ğŸ˜©",1.553511604167119e+18,0,0,0,0,"Just watch out if Kominfo blocks Gmail, Google Spread and Doc! What's the work crazy if there isn't that ğŸ˜©",-0.6,0.9
1.553507255965794e+18,1353377265627721984,id,2022-07-30 22:26:07,"apasi ni Kominfo masalah idup gw aja blm kelar lu jg ngapain ikutan nambah masalah... kelarin dulu tuh blokir situs b*kep di iklan"" google atau apa gt kek blokir judi atau gimana... oiya sorry lupa kan yg kerja tikus yak gw kira manusia https://t.co/ga0PWmWswX",1.553507255965794e+18,0,0,0,0,"apasi this communication and information, my life problem is not finished, why do you do it, why do you add to the problem ... First, first block the site b*kep in the ""Google or what is gt, gambling or what ... oh yes sorry I forgot the one who works for my mouse I think humans https://t.co/ga0pwmwswx",0.0,0.5555555555555555
1.553505715582796e+18,77689278,id,2022-07-30 22:19:59,"@DamarJuniarto Buat para isp klo ada intruksi blokar blokir dr kominfo lelet dikit lah demi pelanggan. Isp saya aman icon+,  dns cloudflare dan google ga d blokir jd ga ada masalah akses paypal dkk.",1.553194095379562e+18,0,0,1,0,"@Damarjuniarto for the ISPs if there is an instruction of blockar blocks from the Ministry of Communication and Information. My isp is safe icon+, dns cloudflare and google does not block so there is no problem access to paypal et al.",0.5,0.5
1.553495082795315e+18,1429104098398245120,id,2022-07-30 21:37:44,"@MstrYoda @kemkominfo Coba aja kemaren google jan ada satupun yang daftar PSE, kita liat mereka bisa ga ngasih fasilitas setara sama Google, biarin mereka blunder sama kebijakannya sendiri.

Dah paling bener Kominfo tuh diem, ngopi atau tidur dah, sekalinya kerja malah bikin masyarakat murka.",1.553171498763882e+18,0,0,0,1,"@Mstryoda @kemkominfo just try yesterday Google is a single list of PSE, we can see they can not give facilities equivalent to Google, let them blunder with their own policies.

It's the most correct Kominfo to stay quiet, coffee or sleep, once you work even makes people angry.",0.1057142857142857,0.6095238095238095
1.553478412458611e+18,3780464172,id,2022-07-30 20:31:30,"@miicies @Aryprasetyo85 @kemkominfo @PlateJohnny memang berani @PlateJohnny block google? mau block boleh tapi harus ada solusi, si plate tidak ada aku paypal, steam walet, sih susah org gaptek jadi mentri kominfo, ya kacau gini",1.553269894443319e+18,0,0,0,0,"@miicies @aryprasetyo85 @kemkominfo @platejohnny Dare to Bold @platejohnny Block Google? I want to block it, but there must be a solution, the plate is not me paypal, steam swallow, it's hard to be a minister of the Ministry of Communication and Information",0.02083333333333331,0.6041666666666666
1.553475678384714e+18,504455710,id,2022-07-30 20:20:38,@bd_loonie Biasakan lah cari tau dulu sebelum koarÂ² ğŸ˜‚ https://t.co/yjGusOl0Co,1.553462269593342e+18,0,1,0,0,@bd_loonie Get used to you find out before koarÂ² ğŸ˜‚ https://t.co/yjgusol0co,0.0,0.0
1.55347031296818e+18,1152110797293670016,id,2022-07-30 19:59:19,"@aan__ Google app kasih score MU 1-0 Atletico padahal aslinya yg menang Atletico 1-0 MU memang menandakan kominfo harus blokir google dan Manchester United sih

https://t.co/1BwxccnsXK",1.553183112959787e+18,0,0,0,0,"@Aan__ Google App Love MU Score 1-0 Atletico even though the original who won your Atletico 1-0 indeed indicates that Kominfo must block Google and Manchester United

https://t.co/1bwxccnsxk",0.4375,0.675
1.553463178532598e+18,1404768725547450112,id,2022-07-30 19:30:58,"jadi sepenuhnya bukan salah keminfo, mungkin semua yang telah di blokir terkesan illegal atau banyak juga yang mungkin mengandung konten negatif. hanya saja memang beberapa masih ada karna belum terjaring saja.
https://t.co/M2SafMyGxn",1.55346161923287e+18,0,1,0,0,"So it is entirely not misinfesomed, maybe everything that has been blocked seems illegal or many also may contain negative content. It's just that some are still there because they haven't been netted yet.
https://t.co/m2safmygxn",-0.075,0.50625
1.55345873944091e+18,980097559736721408,id,2022-07-30 19:13:20,"Selain Amazon dan Paypal, kementerian Kominfo RI, juga membekukan sementara waktu layanan Yahoo di Indonesia.sebelum munculnya Google dan YouTube di Indonesia, Yahoo pernah menjadi platform pencari yang pernah menguasai pasar di Indonesia pada pertengahan 2000 an lalu.",1.55345873944091e+18,2,0,2,0,"Besides Amazon and Paypal, the Ministry of Communication and Information of the Republic of Indonesia, also temporarily freezed Yahoo service in Indonesia. Before the emergence of Google and Youtube in Indonesia, Yahoo was once a search platform who had dominated the market in Indonesia in the mid 2000s ago.",0.0,0.0
1.553441877533213e+18,1371135022871183104,id,2022-07-30 18:06:19,@SydneyX5w @PlateJohnny @kemkominfo Kalo GOOGLE GA BEGITU BERMASALAH BANYAK SEKALI MESIN PENCARI sama PERSIS seperti GOOGLE. KALO SEANDAINYA PAY PAL DI BLOKIR TERUS TRANSAKSI KEUANGAN PARA FREELENCER yang tergantung menggunakan PAY PAL apakah Kominfo pimpinan plate punya solusi???,1.553431487256867e+18,0,1,0,0,"@Sydneyx5w @platejohnny @kemkominfo If Google is not so problematic a lot of search engines are exactly the same as Google. If Pay Pal is blocked, the financial transactions of the freelechers who depend on using Pay Pal do Kominfo led by Plate?",0.08333333333333333,0.125
1.553441529150067e+18,379288910,id,2022-07-30 18:04:56,"Block dulu google dan youtube kalo berani..

Napa cm ada Google Ads & Google Cloud di situs PSE Kominfo..? 

Ada OSS pake daftar manual..?

Ini baru munafik.. ğŸ˜‚ğŸ˜‚ğŸ˜‚ https://t.co/Yu47iY20KO",1.553441529150067e+18,9,1,51,0,"Block first google and youtube if you dare ..

Why is there Google Ads & Google Cloud on the PSE Kominfo site ..?

Is there an OSS using a manual list ..?

This is just a hypocrite .. ğŸ˜‚ğŸ˜‚ğŸ˜‚ https://t.co/yu47iy20ko",0.25,0.3333333333333333
1.55344133152743e+18,2429397041,id,2022-07-30 18:04:09,"@Rudy_syaputra1 @teamsecret Tp aku cek gmail, google drive, pinterest msh bisa di buka di aku mah? Tp kok di keterangan sdh di blokir.
Ini kominfo mau mempermainkan kita atau gimana?",1.553110447636845e+18,0,0,1,0,"@Rudy_syaputra1 @teamsecret but I check Gmail, Google Drive, Pinterest can still be opened in me mah? But how come the statement is blocked.
This Kominfo wants to play with us or what?",0.2,0.1
1.553432575598678e+18,1371135022871183104,id,2022-07-30 17:29:22,@SydneyX5w @PlateJohnny @kemkominfo Mbak maaf GOOGLE SUDAH DI BLOKIR BELUM??? apa sudah daftar di KOMINFO??,1.553431487256867e+18,0,1,0,0,"@Sydneyx5w @platejohnny @kemkominfo, sorry google has been blocked yet ??? Have you registered at the Ministry of Communication and Information ??",-0.5,1.0
1.553431731558003e+18,465392277,id,2022-07-30 17:26:00,"Buat yg mau buka blokir akses Paypal tanpa vpn/ubah lokasi dll, cukup atur aja lewat Chrome > Settings > Security > Ganti jadi DNS Google atau Cloudflare. It works ğŸ‘ (klo mobile gabisa, coba ubah dulu  mode desktop chrome). #paypal #kominfo https://t.co/C5RugVP4Sh",1.553431731558003e+18,0,1,1,0,"For those who want to unblock paypal access without VPN/Change Location etc., just set it through Chrome> Settings> Security> Change to Google or CloudFlare DNS. It works ğŸ‘ (if mobile can't, try changing the desktop chrome mode first). #paypal #kominfo https://t.co/c5Rugvp4SH",0.25,0.3333333333333333
1.553431044657132e+18,1234436225362267904,id,2022-07-30 17:23:17,"@prmzk @kemkominfo Google juga harus di blok pak @kemkominfo , ini situs berbahaya segalanya serba ada serba bisa dan serba tau, tempat bergantung berserah dan berpasrah, seolah ingin menggantikan peran tuhan atau gimana, sama saja ini penistaan
Mohon di indahkan hai bpk kominfo #sipalingkerjanyata",1.553227371188171e+18,92,7,576,17,"@prmzk @kemkominfo Google must also be blocked Pak @kemkominfo, this is a dangerous site all the versatile and all of you know, a place to depend surrender and surrender, as if you want to replace the role of God or what, this is the same defamation
Please Savigate Hai Bpk Kominfo #Sipalingkerjanyata",-0.3,0.5125
1.553430685284966e+18,1456592768189427968,id,2022-07-30 17:21:51,"@sandiuno @kemkominfo Kalau memang kominfo blokir dan berikan solusi itu masih mendingan pak, kayak di China mereka blokir Google dan steam, tapi mereka bisa buat sendiri versi mereka sendiri.
Lalu apakah kominfo dan menparekraf mau membantu (mendanai) karya anak bangsa ?",1.553304444263023e+18,0,0,1,0,"@sandiuno @kemkominfo If indeed Kominfo is blocking and giving the solution is still better sir, like in China they block Google and Steam, but they can make their own version.
Then do Kominfo and Menparekraf want to help (fund) the work of the nation's children?",0.55,0.75
1.553428459564569e+18,1435495255273476096,id,2022-07-30 17:13:00,"China alias RRC tentu saja ngiler dengan kebijakan Kominfo yang viral ini. Dengan demikian, mereka akan menjadikan Indonesia role model jika Barat itu Unless, yakni dengan menawarkan 'platform' mereka untuk menggantikan peran semacam @Google dan PSE yang sudah diblokir Kominfo",1.553428459564569e+18,2,1,2,0,"China, aka the PRC, of â€‹â€‹course, drools with this viral Communication and Information policy. Thus, they will make the Indonesia Role Model if the West is unless, namely by offering their 'platform' to replace the role of sort of @google and pse that has been blocked by the Ministry of Communication and Information",0.0,0.0
1.553427690023174e+18,1350918447023022080,id,2022-07-30 17:09:57,"Buat yang koar-koar banned kominfo, kritis boleh, goblok jangan :)
https://t.co/CR9k1l9ThL",1.553427690023174e+18,0,0,0,0,"For those who are banned banned Kominfo, critical may, don't be stupid :)
https://t.co/cr9k1l9thl",-0.09999999999999998,0.9333333333333332
1.553427220730749e+18,1502302263779365120,id,2022-07-30 17:08:05,"@pengarang_sajak Kan sudah 2 tahun kominfo kampanye ttg PSE  ke perusahaan digital buat daftarin ke PSE. Ni tegurannya aja ke paypal di cuekin
https://t.co/Oru6FUbgKx",1.553383246250983e+18,0,1,0,0,"@pengarang_Sajak Kan has been 2 years Kominfo campaign about PSE to a digital company to register to PSE. This reprimand just to paypal in ignorant
https://t.co/oru6fubgkx",0.0,0.0
1.553426588988953e+18,1256608126360367104,id,2022-07-30 17:05:34,"@sofiesyarief Tahun 2021 bisa di search beritanya Sri mulyani bisa pajakin Netflix,Google cs. Banyak negara (OECD) telah menyepakati tarif minimal pajaknya 15% untuk perusahaan2 teknologi global.
Ini sebelum ada hiruk pikuk PSE dari kominfo.

untuk RUU PDP itu wilayah legislatif,",1.553370794507784e+18,0,0,0,0,"@sofiesyarief in 2021 can be searched for the news that Sri Mulyani can tax Netflix, Google Cs. Many countries (OECD) have agreed on a minimum tax rate of 15% for global technology companies.
This was before there was a hustle and bustle of PSE from the Ministry of Communication and Information.

For the PDP Bill the legislative area,",0.25,0.25
