steam_appid,categories,developers,genres,is_free,name,platforms,publishers,release_date,required_age,supported_languages,type,website,price_currency,price_initial,support_url,support_email,coming_soon,review_score,review_score_desc,total_positive,total_negative,total_reviews,positive_rate,controller_support,dlc,metacritic
858630,"Single-player,Steam Achievements,Steam Cloud,Stats",Maulidan Games,"Casual,Indie,Simulation,Strategy,Early Access",False,Aquaculture Land: Fish Farming Simulation,windows,"Maulidan Games,Maple Whispering Limited",2019-06-07,0,"English,French,Simplified Chinese,Traditional Chinese,German,Spanish - Spain,Russian",game,https://www.maulidangames.com,IDR,6500000.0,http://www.maulidangames.com,contact@maulidangames.com,False,6,Mostly Positive,103,27,130,79.23076923076923,,,
1367050,"Single-player,Steam Achievements,Full controller support,Captions available,Steam Cloud","Headbang Games,Oray Studios","Action,Adventure,Indie",False,Becloudead,"windows,linux",Headbang Games,TBA,0,English*,game,http://headbangames.com/becloudead/devblog,,,http://headbangames.com/,avishaymizrav@gmail.com,True,0,No user reviews,0,0,0,,full,,
352780,"Single-player,Steam Achievements,Steam Trading Cards",Kidalang,"Adventure,Indie",False,An Octave Higher,"windows,mac,linux",PLAYISM,2015-03-27,0,English,game,http://kidalang.com/anoctavehigher,IDR,9999900.0,,support@playism.jp,False,8,Very Positive,216,45,261,82.75862068965517,,"415430,415431",
1114640,Single-player,Blissful Work's,"Casual,Indie",False,My Days with the Demoness,"windows,mac,linux",Top Hat Curios & Oddities,TBD 2022,0,English,game,,,,,pr@tophatentertainment.us,True,0,No user reviews,0,0,0,,,,
1158160,"Single-player,Full controller support",Stairway Games,"Adventure,Casual,Indie,RPG,Simulation,Strategy,Early Access",False,Coral Island,windows,Humble Games,"Oct 11, 2022",0,"English,Simplified Chinese,Spanish - Spain,Portuguese - Brazil,German,Japanese,Russian,Korean,French",game,https://www.stairwaygames.com/coral-island,,,https://www.stairwaygames.com/,contact@stairwaygames.com,True,0,No user reviews,0,0,0,,full,,
1402900,"Single-player,Steam Achievements,Partial Controller Support",Twilight,"Adventure,RPG",False,Twilight Memoria,windows,YSY Softworks,2021-08-20,0,English,game,https://www.facebook.com/twilightmemoria/,IDR,4490000.0,https://www.facebook.com/twilightmemoria/,,False,7,Positive,20,0,20,100.0,,,
1055770,Single-player,Willpowaproject,"Action,Adventure,Indie",False,Metal Country,windows,Willpowaproject,2019-04-11,0,English*,game,,IDR,1500000.0,,willpowaproject@outlook.com,False,0,No user reviews,0,0,0,,,,
926240,"Single-player,Multi-player,PvP,Shared/Split Screen PvP,Co-op,Shared/Split Screen Co-op,Partial Controller Support,Remote Play Together",Hakagame,"Action,Indie",False,PsyBurst,windows,Hakagame,2018-09-05,0,English*,game,http://www.hakagame.com/,IDR,2499900.0,http://www.hakagame.com/,,False,0,1 user reviews,1,0,1,100.0,,,
912930,"Single-player,Full controller support,Steam Cloud",Platonic Game Studio,"Adventure,Indie,RPG",False,Insurgence - Chains of Renegade,windows,YSY Softworks,2018-11-09,0,English,game,https://www.something2.net/insurgence,IDR,4999900.0,https://www.something2.net/insurgence,huangyuoxi@gmail.com,False,7,Positive,24,1,25,96.0,full,"918151,918150",
620580,"Single-player,Steam Achievements,Steam Trading Cards,Steam Cloud,Steam Leaderboards",Green Moss Game,"Adventure,Casual,Indie",False,Calico & Co.,windows,Green Moss Game,2018-05-30,0,English,game,,IDR,3999900.0,,greenmossgame@gmail.com,False,5,Mixed,6,4,10,60.0,,,
1772070,"Single-player,Steam Achievements",AnotherIndieGameDev,"Casual,Indie,Strategy",False,Unveiled,"windows,mac,linux",AnotherIndieGameDev,2021-11-05,0,English*,game,,IDR,1749900.0,,anotherindiegamedev.team@gmail.com,False,0,1 user reviews,1,0,1,100.0,,,
642600,"Single-player,Multi-player,Co-op,Shared/Split Screen Co-op,Shared/Split Screen,Steam Achievements,Full controller support,Steam Cloud,Steam Leaderboards,Remote Play Together",Magesoft,"Action,Indie",False,Burst Fighter,windows,Magesoft,2017-09-16,0,English,game,http://magesoft.co.id/games/burst-fighter.html,IDR,4999900.0,magesoft.co.id,contact@magesoft.co.id,False,7,Positive,14,0,14,100.0,full,,
688680,"Single-player,Steam Achievements,Full controller support,Steam Cloud",Dede Bayi,"Adventure,Indie,RPG",False,Oswald's Adventure,windows,MLG Games,2017-08-21,0,English,game,,IDR,2599900.0,,dedebayi.games@gmail.com,False,6,Mostly Positive,17,6,23,73.91304347826086,full,,
854570,"Single-player,Steam Achievements",StoryTale Studios,"Adventure,Indie",False,Pamali: Indonesian Folklore Horror,windows,"StoryTale Studios,Maple Whispering Limited",2018-12-27,0,"English,Simplified Chinese,Traditional Chinese",game,http://pamali.story.co.id/,IDR,4999900.0,,st.story.id@gmail.com,False,8,Very Positive,358,71,429,83.44988344988346,,"990930,990931,990932,1181680,1442541",
1440810,Single-player,"Enthrean Guardian,Eggion,stellarNull","Action,Adventure,Indie,RPG",True,Enthrean Radiance : Prologue,windows,Eggion,2020-10-28,0,English,game,,,,,eggions@gmail.com,False,0,No user reviews,0,0,0,,,,
1722410,"Single-player,Steam Achievements",Sengkala Dev,"Indie,Strategy",False,Perang Laut - Maritime Warfare,windows,Sengkala Dev,2021-10-27,0,English,game,https://sengkaladev.wordpress.com,IDR,8300000.0,https://sengkaladev.wordpress.com/,peranglaut@gmai.com,False,0,1 user reviews,0,1,1,0.0,,,
1814570,"Single-player,Steam Achievements,Full controller support",Xurzerth,"Adventure,RPG",False,Transcendence Legacy - Voidswept,windows,YSY Softworks,2022-04-04,0,English,game,,IDR,2499900.0,,huangyuoxi@gmail.com,False,7,Positive,28,7,35,80.0,full,,
945710,"Single-player,Steam Achievements,Full controller support,Steam Trading Cards,Steam Cloud",Digital Happiness,"Action,Adventure,Indie",False,DreadOut 2,windows,Digital Happiness,2020-02-21,0,"English*,Russian,Simplified Chinese,Spanish - Spain,Hungarian",game,http://dreadout2.digitalhappiness.net,IDR,10899900.0,digitalhappiness.net,support@digitalhappiness.net,False,6,Mostly Positive,957,318,1275,75.05882352941177,full,1359590,
812590,Single-player,Celestial Project,"Action,Adventure,Casual,Indie,RPG,Strategy",False,Awakening of Celestial,"windows,mac,linux",Celestial Project,2020-02-12,0,English,game,https://awakeningofcelestial.com/,IDR,6999900.0,https://awakeningofcelestial.com/,celestialproject101@gmail.com,False,0,1 user reviews,1,0,1,100.0,,,
1214000,"Single-player,Steam Achievements,Full controller support,Steam Cloud",Glyphis,"Action,Adventure,Indie,RPG",False,CZAR: Decision,windows,"YSY Softworks,Platonic Game Studio",Feb 2023,0,English,game,,,,https://www.facebook.com/czarrpg/,glyphis.entertainment@gmail.com,True,0,No user reviews,0,0,0,,full,,
716330,"Single-player,Steam Achievements,Steam Trading Cards",Vifth Floor,"Violent,Casual,Indie",False,VOID,"windows,mac,linux",Sekai Project,2017-10-31,0,English,game,http://void.vifthfloor.moe,IDR,8900000.0,https://sekaiproject.com/contact/,,False,6,Mostly Positive,23,7,30,76.66666666666667,,,
845370,Single-player,StoryTale Studios,"Adventure,Indie",True,As If Dreaming When You're Wide Awake,windows,StoryTale Studios,,0,English*,game,http://asif.story.co.id/,,,http://asif.story.co.id/,st.story.id@gmail.com,True,0,No user reviews,0,0,0,,,,
572480,"Single-player,Multi-player,PvP,Shared/Split Screen PvP,Co-op,Shared/Split Screen Co-op,Shared/Split Screen,Steam Achievements,Full controller support,Steam Trading Cards,Steam Cloud,Remote Play Together",Anoman Studio,"Gore,Action,Adventure,Casual,Indie",False,Orbiz,"windows,mac,linux",Anoman Studio,2019-09-16,0,"English*,Russian,Simplified Chinese,Traditional Chinese",game,http://orbizgame.com/,IDR,11599900.0,www.anomanstudio.com,contact@anomanstudio.com,False,0,2 user reviews,2,0,2,100.0,full,,
446530,Single-player,Blissful Work's,"Adventure,Casual,Free to Play,Indie",False,One Last Crane,"windows,mac,linux",Sekai Project,2022-07-04,0,"English,Simplified Chinese,Traditional Chinese",game,https://sekaiproject.com/games/one-last-crane/,IDR,9599900.0,https://support.sekaiproject.com,,False,0,5 user reviews,2,3,5,40.0,,,
1462850,"Single-player,Steam Achievements",Kisakita Games,"Adventure,Casual,Indie",False,Wiloka,"windows,mac",Imagine Fantasia,Q1 2021,0,English,game,,,,http://www.imaginefantasia.com/,support@imaginefantasia.com,True,0,No user reviews,0,0,0,,,,
658500,"Single-player,Multi-player,PvP,Shared/Split Screen PvP,Co-op,Shared/Split Screen Co-op,Shared/Split Screen,Steam Achievements,Partial Controller Support,Steam Cloud,Remote Play Together",Mojiken,"Action,Indie,Sports",False,Ultra Space Battle Brawl,"windows,mac",Toge Productions,2018-10-04,0,"English*,Japanese,French,German,Spanish - Spain,Korean,Simplified Chinese,Thai",game,http://www.usbbgame.com,IDR,9990000.0,http://www.togeproductions.com,info@togeproductions.com,False,8,Very Positive,50,4,54,92.5925925925926,,942070,
1453640,Single-player,Agate International,"RPG,Simulation,Strategy,Early Access",False,Valthirian Arc: Hero School Story 2,windows,PQube,2022-03-31,0,English,game,,IDR,15000000.0,https://agate.id/contact/,cg@agate.id,False,5,Mixed,18,8,26,69.23076923076923,,,
1543240,Single-player,Goody Gameworks,"Action,Casual,Indie",False,Gigapocalypse,windows,Headup,2021-11-12,0,"English,German,Spanish - Spain,Japanese,Simplified Chinese",game,,IDR,6999900.0,https://www.headupgames.com,support@headupgames.com,False,8,Very Positive,74,2,76,97.36842105263158,,,
656970,"Single-player,Steam Achievements,Steam Trading Cards,Partial Controller Support,Steam Cloud,Steam Leaderboards,Remote Play on Phone,Remote Play on Tablet",Kucing Rembes,"Action,Adventure,Indie",False,MagiCat,"windows,mac","Toge Productions,Neon Doctrine",2017-08-22,0,"English,Japanese,Russian,Simplified Chinese,Portuguese - Brazil",game,http://www.togeproductions.com/project/magicat/,IDR,3999900.0,,info@togeproductions.com,False,8,Very Positive,234,23,257,91.05058365758755,,658900,
518730,"Single-player,Steam Achievements,Steam Trading Cards,Steam Cloud",FIREBEAST,"Action,Indie",False,Zombo Buster Rising,"windows,mac,linux",FIREBEAST,2016-10-02,0,English,game,http://firebeaststudio.com,IDR,1749900.0,http://firebeaststudio.com,contact@firebeaststudio.com,False,8,Very Positive,252,24,276,91.30434782608695,,,
992330,"Single-player,Steam Achievements,Captions available","inngamezstudio,Khayalan Arts","Adventure,Indie",False,Nightmare (Incubo),windows,Khayalan Arts,2019-01-31,0,"English*,French,German,Spanish - Spain,Japanese,Korean,Russian,Simplified Chinese,Traditional Chinese",game,,IDR,5299900.0,,inngamezstudio@gmail.com,False,6,Mostly Positive,107,32,139,76.97841726618705,,,
674890,Single-player,Rahmat Nata Djaja,"Casual,Indie,Simulation,Strategy,Early Access",False,Mechsprofit: Mech Tycoon Simulator,windows,Rahmat Nata Djaja,2018-05-04,0,English,game,http://www.mechsprofit.com/,,,,support@mechsprofit.com,False,6,Mostly Positive,9,3,12,75.0,,,
786510,"Single-player,Partial Controller Support","Dragon Emperors,Great Conspiracy Theory",RPG,False,Oracle of Forgotten Testament,windows,Great Conspiracy Theory,2018-03-02,0,"English,Simplified Chinese",game,,IDR,4999900.0,Dragonemperors.com,contact@dragonemperors.com,False,7,Positive,25,6,31,80.64516129032258,,,
1390670,"Single-player,Steam Achievements,Steam Cloud,Steam Leaderboards",XeloGames,"Action,Adventure,Indie",False,Escape from Naraka,windows,Headup,2021-07-29,0,"English*,French,German,Spanish - Spain,Japanese,Korean,Russian,Simplified Chinese",game,https://linktr.ee/xelodigital,IDR,4500000.0,xelodigital.com,info@xelodigital.com,False,8,Very Positive,46,6,52,88.46153846153845,,1634160,
1744970,"Single-player,Steam Achievements,Full controller support,Steam Cloud",Xelo Games,"Adventure,Casual,Indie",False,Petit Island,windows,SOEDESCO,Wishlist &amp; Follow!,0,"English,French,Italian,German,Spanish - Spain,Arabic,Portuguese - Brazil,Bulgarian,Traditional Chinese,Simplified Chinese,Hungarian,Japanese,Korean,Dutch,Polish,Portuguese,Russian,Spanish - Latin America,Thai,Czech,Turkish,Swedish",game,https://www.soedesco.com/games/petit-island,,,https://www.soedesco.com/contact,info@soedesco.com,True,0,No user reviews,0,0,0,,full,,
432210,"Single-player,Steam Achievements,Steam Trading Cards",Nomina Games,"Action,Adventure,Casual,Indie,RPG,Strategy",False,The Revenant Prince,windows,Nomina Games,2020-08-13,0,English,game,http://therevenantprince.com,IDR,3299900.0,http://therevenantprince.com,nominagames@gmail.com,False,6,Mostly Positive,7,3,10,70.0,,,53.0
986710,"Single-player,Steam Achievements",SweetChiel,"Adventure,Casual,Indie,Simulation",False,Nusantara: Legend of The Winged Ones,"windows,mac,linux",SweetChiel,2018-12-07,0,English,game,http://cecilangelus.wixsite.com/sweetchiel,IDR,3999900.0,https://sweetchiel.itch.io/new-nusantara-legend-of-the-winged-ones,sweetchiel@yahoo.com,False,7,Positive,20,1,21,95.23809523809523,,,
1037910,"Single-player,Multi-player,Co-op,Shared/Split Screen Co-op,Shared/Split Screen,Steam Achievements,Full controller support,Steam Cloud,Remote Play Together",Simpleton,"Action,Adventure,Indie",False,Paw Paw Paw,"windows,mac",GrabTheGames,2020-11-13,0,"English*,French,German,Spanish - Spain,Japanese,Portuguese,Simplified Chinese,Turkish,Russian,Portuguese - Brazil,Spanish - Latin America,Czech,Italian,Polish",game,http://pawpawpawgame.com,IDR,6999900.0,http://pawpawpawgame.com,contact@simpleton.rocks,False,6,Mostly Positive,69,21,90,76.66666666666667,full,,
517210,"Single-player,Steam Achievements,Full controller support,Steam Trading Cards,Captions available,Steam Cloud","Headbang Games,Oray Studios","Action,Indie",False,Bad Pad,"windows,linux",Headbang Games,2018-08-08,0,"English*,French,German,Spanish - Spain,Russian,Simplified Chinese,Traditional Chinese,Portuguese - Brazil",game,http://www.badpadgame.com,IDR,8299900.0,http://www.headbangames.com,avishaymizrav@gmail.com,False,7,Positive,22,5,27,81.48148148148148,full,1008670,
1180250,Single-player,Mojiken,"Casual,Indie",False,DIVINATION,"windows,mac",Mojiken,2019-12-12,0,English*,game,,IDR,1749900.0,,contact@mojikenstudio.com,False,8,Very Positive,81,11,92,88.04347826086956,,1210630,
1251930,"Single-player,Steam Achievements,Full controller support,Steam Cloud","GameChanger Studio,Toge Productions","Adventure,Casual,Indie,Simulation,Strategy",False,My Lovely Wife,windows,Neon Doctrine,2022-06-08,0,"English,German,Japanese,Russian,Simplified Chinese,Traditional Chinese",game,,IDR,9599900.0,http://gamechangerstudio.net/official/,gamechangerstudio.ina@gmail.com,False,6,Mostly Positive,229,78,307,74.5928338762215,full,"1861070,1861080,1948750",
1889370,Single-player,Dragon Emperors,Adventure,False,Three Mazeketeers,windows,Dragon Emperors,Summoning Soon,0,English,game,,,,https://dragonemperors.com,emperors.dragon@gmail.com,True,0,No user reviews,0,0,0,,,,
1855580,"Multi-player,PvP,Online PvP,Co-op,Online Co-op",Digital Happiness,"Action,Adventure,Indie",False,DreadHaunt,windows,Digital Happiness,Wishlist &amp; Follow ^^,0,"English*,Simplified Chinese",game,http://dreadhaunt.digitalhappiness.net,,,http://www.digitalhappiness.net/,support@digitalhappiness.net,True,0,No user reviews,0,0,0,,,,
805980,Single-player,StoryTale Studios,"Action,Indie",False,My Safe House,windows,StoryTale Studios,2018-04-20,0,English*,game,http://mysafehouse.story.co.id/,IDR,2755900.0,,st.story.id@gmail.com,False,0,9 user reviews,4,5,9,44.44444444444444,,,
1726560,"Single-player,Steam Achievements,Full controller support",OZYGAMES,"Action,Adventure",False,Project Buramato,windows,OZYGAMES,TBA 2022 - 2023,0,English,game,http://ozysoft.net/project-buramato/,,,https://discord.com/invite/3CNdrYM3zf,info@ozysoft.net,True,0,No user reviews,0,0,0,,full,,
530530,Single-player,Binarystudio 54,"Adventure,Casual,Indie",False,Si Kancil : The Adventurous Mouse Deer,windows,Binarystudio 54,2016-11-08,0,English,game,http://binarystudio.co.id/si_kancil.php,IDR,929900.0,http://binarystudio.co.id,apps@binaryworks.co.id,False,0,2 user reviews,1,1,2,50.0,,,
1116260,"Single-player,Steam Achievements,Full controller support",Khayalan Arts,"Action,Adventure,Casual,Indie,Simulation",False,SAMUDRA,windows,"Khayalan Arts,Untold Tales",2021-09-28,0,English,game,https://www.khayalanarts.com/,IDR,8399900.0,https://www.khayalanarts.com/,hello@khayalanarts.com,False,7,Positive,25,6,31,80.64516129032258,full,"1774010,1799330",
340070,"Single-player,Steam Achievements,Steam Trading Cards",Playboom,"Casual,Indie,Strategy",False,Battle Ranch: Pigs vs Plants,"windows,mac,linux",Senpai Studios,2015-02-02,0,"English,French,Italian,German,Spanish - Spain,Dutch,Russian",game,,IDR,1899900.0,,ian@ip-builders.com,False,5,Mixed,407,416,823,49.453219927095994,,,
657000,"Single-player,Steam Achievements,Partial Controller Support,Steam Cloud",Tahoe Games,"Action,Indie",False,Rising Hell,windows,"Toge Productions,Neon Doctrine",2021-05-19,0,"English*,Simplified Chinese,Traditional Chinese,French,German,Japanese,Korean,Portuguese - Brazil,Spanish - Latin America",game,https://www.togeproductions.com/project/risinghell/,IDR,6660000.0,http://togeproductions.com/,info@togeproductions.com,False,8,Very Positive,165,15,180,91.66666666666666,,"1606170,1612600",
1045610,Single-player,Algorocks,"Casual,Indie,Simulation,Strategy",False,Startup Panic,windows,tinyBuild,2022-01-20,0,"English*,French,German,Spanish - Spain,Simplified Chinese,Russian,Japanese,Korean,Portuguese - Brazil",game,https://www.startuppanic.com/,IDR,9599900.0,https://algo.rocks,help@algo.rocks,False,5,Mixed,63,51,114,55.26315789473685,,,65.0
1415280,"Single-player,Steam Achievements,Partial Controller Support,Steam Cloud",Clay Game Studio,"Action,Adventure,Indie",False,Faerie Afterlight,windows,Mastiff,Summer 2022 - Wishlist Today,0,"English,French,German,Japanese,Portuguese,Simplified Chinese,Spanish - Latin America",game,https://claygamestudio.com,,,https://claygamestudio.com,contact@claygamestudio.com,True,0,No user reviews,0,0,0,,,,
1498740,"Single-player,Full controller support",Gamecom Team,"Action,Adventure,Indie",False,Troublemaker,windows,Freedom Games,Kicked to 2023,0,English*,game,https://gamecomteam.com,,,https://gamecomteam.com,keyrequests@freedom.gg,True,0,No user reviews,0,0,0,,full,,
1201270,"Single-player,Full controller support",Mojiken,"Adventure,Indie",False,A Space For The Unbound,windows,Toge Productions,"2022 - Play The Prologue, Wishlist &amp; Follow Now!",0,"English,German,Spanish - Spain,Japanese,Korean,Polish,Portuguese - Brazil,Russian,Simplified Chinese,Traditional Chinese,Turkish",game,,,,,space@togeproductions.com,True,0,No user reviews,0,0,0,,full,,
511610,"Single-player,Multi-player,PvP,Online PvP,Steam Achievements,In-App Purchases,Includes level editor",Binarystudio 54,"Action,Casual,Indie,Early Access",False,Adventure Of Thieves,"windows,mac",Binarystudio 54,2016-08-17,0,English,game,http://binarystudio.co.id/adventureofthieves,IDR,929900.0,http://binarystudio.co.id,apps@binaryworks.co.id,False,0,3 user reviews,2,1,3,66.66666666666666,,,
1386620,"Single-player,Steam Achievements,Full controller support,Steam Cloud",stellarNull,"Action,Indie,RPG",False,Anuchard,windows,Freedom Games,2022-04-21,0,"English,French,Italian,German,Spanish - Spain,Japanese,Korean,Simplified Chinese",game,https://stellarnull.com/games/anuchard,IDR,9599900.0,https://stellarnull.com,keyrequests@freedom.gg,False,7,Positive,28,2,30,93.33333333333333,full,"1949110,1962400",
1721980,Single-player,"Potatodog,Simpleton,Clay Game Studio","Adventure,Casual,Indie",True,Loading Story,windows,Potatodog,2021-09-10,0,English,game,,,,,contact@simpleton.rocks,False,0,No user reviews,0,0,0,,,,
1223810,"Single-player,Steam Achievements",Mazjojo Productions,"Casual,Indie,Simulation",False,Full Service,"windows,mac,linux",Herculion,2020-03-16,0,English*,game,https://fullservicegame.com,IDR,16999900.0,https://fullservicegame.com,support@herculion.zendesk.com,False,8,Very Positive,387,11,398,97.23618090452261,,"1280900,1402640,1928770,1931830",
418950,"Single-player,Steam Achievements,Steam Trading Cards,Partial Controller Support,Steam Cloud",Digital Happiness,"Adventure,Indie",False,DreadOut: Keepers of The Dark,windows,Digital Happiness,2016-03-24,0,"English*,Traditional Chinese,Japanese",game,http://digitalhappiness.net/,IDR,5999900.0,http://digitalhappiness.net/,contact@digitalhappiness.net,False,8,Very Positive,566,140,706,80.16997167138811,,,
1829000,"Multi-player,PvP,Online PvP,Co-op,Online Co-op,Cross-Platform Multiplayer",Digital Lontar Nusantara,"Action,Indie,Strategy",False,Puputan Legend VR,windows,Digital Lontar Nusantara,2021-12-07,0,English*,game,https://puputan-legendvr.digitallontar.com/,IDR,13999900.0,https://puputan-legendvr.digitallontar.com/,dlontardev.puputan@gmail.com,False,0,No user reviews,0,0,0,,,,
1144970,"Single-player,Steam Achievements,Steam Workshop,Steam Cloud",Toge Productions,"Action,Casual,Indie,Strategy",False,Necronator: Dead Wrong,windows,Modern Wolf,2020-07-30,0,"English,French,German,Spanish - Spain,Russian,Simplified Chinese,Korean,Portuguese - Brazil",game,https://modernwolf.net/games/necronator-dead-wrong,IDR,10899900.0,http://www.modernwolf.net,hello@modernwolf.net,False,5,Mixed,217,94,311,69.77491961414792,,,66.0
1561740,"Single-player,Steam Achievements,Full controller support,Steam Workshop,Steam Cloud,Includes level editor",Toge Productions,"Indie,Simulation,Strategy",False,Kriegsfront Tactics,windows,Toge Productions,Awaiting Mission Details,0,English,game,,,,https://togeproductions.com/,info@togeproductions.com,True,0,No user reviews,0,0,0,,full,,
1179280,"Single-player,Multi-player,Co-op,Online Co-op,Steam Achievements,Partial Controller Support",catgames,"Action,Adventure,Indie,Simulation,Early Access",False,PROJECT D : Human Risen,windows,catgames,2024,0,"English*,Simplified Chinese,Traditional Chinese,French,Italian,German,Spanish - Spain,Finnish,Japanese,Russian",game,http://catgamesstudios.com,,,https://catgamesstudios.com,service@catgamesstudio.com,True,0,No user reviews,0,0,0,,,,
1393810,"Single-player,Steam Achievements",Sengkala Dev,"Indie,Strategy",False,Surabaya Inferno,windows,Sengkala Dev,2020-09-20,0,English,game,,IDR,5299900.0,,peranglaut@gmail.com,False,0,No user reviews,0,0,0,,,,
1216150,Single-player,Rainman Studios,"Indie,Simulation",False,Hell's Pharma,windows,Rainman Studios,2020-01-17,0,English,game,http://www.rainmanstudios.com,IDR,3999900.0,http://www.rainmanstudios.com/,contact@rainmanstudios.com,False,0,4 user reviews,4,0,4,100.0,,,
1538710,"Single-player,Steam Achievements,Full controller support","Extra life Entertaiment,Vifth Floor","Action,Indie",False,StellaGale: The Trials Of Faith,"windows,mac",Outpost Games Inc.,Q3 2022,0,English*,game,,,,https://twitter.com/ExtraLifeEnter,support@theoutpo.st,True,0,No user reviews,0,0,0,,full,,
1069210,"Single-player,Steam Achievements,Partial Controller Support",OZYSOFT,"Adventure,Indie",False,Pulang Insanity - Director's Cut,windows,"OZYSOFT,WhisperGames,Mayflower Entertainment",2020-03-13,0,"English*,Korean,Simplified Chinese",game,http://pulanginsanity.com/,IDR,12900000.0,http://ozysoft.net/contact-us/,info@ozysoft.net,False,6,Mostly Positive,57,22,79,72.15189873417721,,"1215360,1226800",
1750170,"Single-player,Partial Controller Support,Steam Cloud",Platonic Game Studio,Adventure,False,Fragmented Memories - Arc One,"windows,mac",YSY Softworks,2022-05-09,0,English,game,,IDR,2499900.0,https://web.facebook.com/InsurgenceRPG/,huangyuoxi@gmail.com,False,7,Positive,17,4,21,80.95238095238095,,,
684700,"Single-player,Full controller support","Ekuator Games,Agate","Indie,RPG",False,Celestian Tales: Realms Beyond,windows,Digital Tribe ,2020-05-07,0,English,game,,IDR,9599900.0,http://agate.id,faizal.hitobeli@agate.id,False,5,Mixed,15,9,24,62.5,full,,
658590,"Single-player,Steam Achievements,Partial Controller Support,Steam Cloud,Remote Play on Phone,Remote Play on Tablet",Mojiken,"Adventure,Casual,Indie",False,She and the Light Bearer,"windows,mac",Toge Productions,2019-01-17,0,"English*,Simplified Chinese*,Traditional Chinese*,Japanese*,Russian*",game,http://togeproductions.com/shethegame/,IDR,9490000.0,http://togeproductions.com/,info@togeproductions.com,False,8,Very Positive,139,19,158,87.9746835443038,,"1009130,1009140",
793760,"Single-player,Steam Achievements,Includes level editor",Labscle Entertainment,"Action,Casual,Indie,Simulation,Strategy,Early Access",False,My Sweet Waifu,windows, Labscle Entertainment,2018-03-07,0,English*,game,https://miraclegates.com/,IDR,3299900.0,https://labscle.com/,support@labscle.com,False,5,Mixed,13,15,28,46.42857142857143,,,
1197730,Single-player,StewardMelvinTang,"Action,Adventure,Indie,Early Access",False,DelayedSun,windows,MelvinTang Games,2021-12-02,0,English*,game,,IDR,3999900.0,,melvintanggames@gmail.com,False,5,Mixed,15,13,28,53.57142857142857,,,
1789090,"Single-player,Full controller support",Rolling Glory Jam,"Adventure,Casual",False,Hello Goodboy,windows,Freedom Games,2022,0,"English,Simplified Chinese,Traditional Chinese",game,https://www.hellogoodboy.com/,,,http://hellogoodboy.com/,keyrequests@freedom.gg,True,0,No user reviews,0,0,0,,full,,
704680,"Single-player,Steam Achievements",Ceylon Entertainment,"Gore,Casual,Indie,Simulation,Strategy",False,AMPLITUDE: A Visual Novel,"windows,mac,linux",Ceylon Entertainment,2017-09-05,18,English,game,,IDR,9599900.0,,ceylonent.ind@gmail.com,False,6,Mostly Positive,27,8,35,77.14285714285715,,,
617640,Single-player,Critical Forge,"Adventure,Indie,RPG,Strategy",False,Forged of Blood,windows,Critical Forge,2019-08-01,0,English*,game,http://forgedofblood.com/,IDR,13999900.0,,contact@criticalforge.com,False,5,Mixed,60,37,97,61.855670103092784,,,57.0
449200,"Single-player,Steam Trading Cards",Blazing Fanfish,"Adventure,Indie,RPG",False,Calcu-Late,windows,Back To Basics Gaming,2016-03-18,0,English,game,http://www.backtobasicsgaming.com/,IDR,849900.0,http://www.backtobasicsgaming.com/#!contact/c6th,Dan@BackToBasicsGaming.com,False,5,Mixed,32,30,62,51.61290322580645,,,
692930,"Single-player,Steam Achievements,Steam Trading Cards,Steam Cloud",Digital Happiness,"Action,Adventure,Indie",False,DreadEye VR,windows,Digital Happiness,2017-11-28,0,English*,game,http://dreadeye.digitalhappiness.net/,IDR,5999900.0,http://digitalhappiness.net/,support@digitalhappiness.net,False,6,Mostly Positive,87,26,113,76.99115044247787,,,
556740,"Single-player,Steam Achievements,Full controller support,Steam Trading Cards,Captions available,Steam Cloud",SEMISOFT,"Action,Adventure,Indie,RPG",False,LEGRAND LEGACY: Tale of the Fatebounds,windows,"Another Indie,Mayflower Entertainment [KR]",2018-01-24,0,"English*,Simplified Chinese,Korean",game,http://legrandlegacy.com/,IDR,10899900.0,,support@semisoft.co,False,5,Mixed,173,88,261,66.28352490421456,full,793910,
521420,Single-player,BnK Team,"Adventure,Indie",False,Bunka no Kenkyu - Revival of Queen Leyak -,"windows,mac",DEVGRU-P,2017-09-14,0,English*,game,,,,http://www.devgru-p.com/,,False,5,Mixed,5,6,11,45.45454545454545,,,
1662160,"Single-player,Steam Achievements,Full controller support,Steam Workshop,Steam Workshop,Remote Play on TV",Wisageni Studio,"Casual,Indie,RPG,Simulation",False,KISS: K-pop Idol StorieS - Road to Debut,"windows,mac",Wisageni Studio,Coming Soon,0,"English,French,Italian,German,Spanish - Spain,Japanese,Korean,Simplified Chinese",game,https://www.wisageni.com/kiss,,,https://www.wisageni.com/kiss,contact@wisageni.com,True,0,No user reviews,0,0,0,,full,,
619220,"Single-player,Multi-player,PvP,Shared/Split Screen PvP,Shared/Split Screen,Steam Achievements,Steam Trading Cards,Partial Controller Support,Remote Play Together",Gambreng Games,"Casual,Indie",False,GoBlock's Impossible Medley,"windows,mac,linux",GameChanger Studio,2017-04-14,0,English,game,http://gambrenggames.com/game-detail/goblocks-impossible-medley/10,IDR,929900.0,http://gambrenggames.com/contact,gambrenggames@gmail.com,False,6,Mostly Positive,8,3,11,72.72727272727273,,,
488660,"Single-player,Steam Achievements,Steam Trading Cards",Vifth Floor,"Casual,Indie,Simulation,Strategy",False,Just Deserts,"windows,mac,linux",Sekai Project,2016-07-25,0,"English*,Japanese,Simplified Chinese",game,https://justdeserts.vifthfloor.moe/,IDR,8999900.0,https://sekaiproject.com/contact/,,False,8,Very Positive,175,43,218,80.27522935779817,,"507020,517290,517291,517292,1394950",
598230,"Single-player,Steam Achievements,Full controller support,Steam Trading Cards",GameChanger Studio,"Adventure,Indie",False,Ascender,"windows,mac,linux",GameChanger Studio,2017-03-17,0,English,game,http://www.ascenderthegame.com/main/,IDR,7999900.0,http://www.ascenderthegame.com/main/,gamechangerstudio.ina@gmail.com,False,0,2 user reviews,1,1,2,50.0,full,816620,
1165020,"Single-player,Steam Achievements,Steam Cloud",Kidalang,"Adventure,Casual,Indie",False,Legend of Everything,"windows,mac,linux",Culture Select,2019-11-08,0,English,game,,IDR,8299900.0,http://www.cultureselect.com/,support@cultureselect.com,False,0,1 user reviews,1,0,1,100.0,,,
1035490,"Single-player,Steam Achievements,Full controller support,Steam Cloud",Ibrahim Indra Baskara,"Action,Adventure,Indie,RPG",False,EURGAVAâ„¢: Tomb of Senza,windows,Ibrahim Indra Baskara,2019-04-05,0,English,game,,IDR,6999900.0,https://www.instagram.com/eurgavastory/,eurgava@gmail.com,False,0,1 user reviews,1,0,1,100.0,full,,
1765090,"Single-player,Steam Achievements,Steam Cloud",GingerSun Games,"Adventure,Indie,RPG",False,Legends of Crystal,windows,-,Coming Soon,0,English,game,http://gingersungames.com/,,,http://gingersungames.com/,contact@gingersungames.com,True,0,No user reviews,0,0,0,,,,
785640,"Single-player,Steam Achievements",Genetic Studio,Casual,False,Luminescence,windows,Genetic Studio,2018-03-30,0,English,game,,IDR,849900.0,,contact@geneticstudio.com,False,5,Mixed,20,14,34,58.82352941176471,,,
1093360,"Single-player,Steam Achievements,Partial Controller Support,Steam Cloud",Lentera Nusantara,"Action,Adventure,Indie",False,Ghost Parade,windows,Aksys Games,2019-10-31,0,"English,Japanese,Simplified Chinese",game,http://www.aksysgames.com/ghostparade/,IDR,16999900.0,http://www.aksysgames.com/contact/,support@aksysgames.com,False,7,Positive,16,3,19,84.21052631578947,,,
1554160,"Single-player,Steam Achievements",ZheroIsland,"Adventure,Indie",False,LIRE,windows,ZheroIsland,2021-03-24,0,English,game,,IDR,7500000.0,,zheroisland@gmail.com,False,7,Positive,15,1,16,93.75,,,
1343220,"Single-player,Steam Achievements",Ceylon Entertainment,"Casual,Indie",False,LINGERING,"windows,linux",Ceylon Entertainment,2020-07-07,0,English,game,https://redlady553.wixsite.com/ceylonentertainment,IDR,12000000.0,https://redlady553.wixsite.com/ceylonentertainment,ceylonent.ind@gmail.com,False,6,Mostly Positive,11,4,15,73.33333333333333,,,
1663220,Single-player,Toge Productions,"Adventure,Casual,Indie,Simulation",False,Coffee Talk Episode 2: Hibiscus & Butterfly,windows,Toge Productions,Brewing for 2023. Follow and Wishlist!,0,English,game,http://coffeetalk.info/,,,http://coffeetalk.info/,coffee@togeproductions.com,True,0,No user reviews,0,0,0,,,,
559350,"Single-player,Steam Trading Cards",Ibrahim Indra Baskara,"Casual,Indie,RPG,Strategy",False,EURGAVAâ„¢: Fight for Haaria,windows,Ibrahim Indra Baskara,2016-12-01,0,English,game,http://www.indiedb.com/games/eurgava-fight-for-haaria,IDR,3999900.0,https://www.facebook.com/eurgavaSTORY/,eurgava@gmail.com,False,6,Mostly Positive,7,3,10,70.0,,,
476410,"Single-player,Steam Achievements,Steam Trading Cards,Steam Cloud",Kidalang,"Adventure,Casual,Indie",False,One Small Fire At A Time,"windows,mac,linux",Culture Select,2016-06-10,0,"English,Spanish - Spain",game,,IDR,8999900.0,http://www.cultureselect.com/go/cs/,support@cultureselect.com,False,7,Positive,44,0,44,100.0,,,
1302780,"Single-player,Steam Achievements,Steam Cloud",FIREBEAST,"Indie,Strategy",False,Zombo Buster Advance,"windows,mac",FIREBEAST,2020-08-06,0,"English*,French,Italian,German,Spanish - Spain,Japanese,Korean,Polish,Portuguese - Brazil,Russian,Simplified Chinese,Traditional Chinese",game,http://firebeaststudio.com,IDR,3999900.0,http://www.firebeaststudio.com,contact@firebeaststudio.com,False,8,Very Positive,86,12,98,87.75510204081633,,,
1844990,Single-player,"Dragon Emperors,Great Conspiracy Theory","Casual,Indie",False,Lastone: Behind the Choice,windows,Dragon Emperors,2022-01-21,0,English,game,https://dragonemperors.com,IDR,4499900.0,https://dragonemperors.com,emperors.dragon@gmail.com,False,0,2 user reviews,1,1,2,50.0,,1884600,
658690,"Single-player,Steam Achievements,Full controller support,Steam Cloud",Rolling Glory Jam,"Action,Adventure,Indie",False,Rage in Peace,"windows,mac","Toge Productions,Neon Doctrine",2018-11-08,0,"English*,French*,German*,Spanish - Spain*,Simplified Chinese*,Korean*",game,http://rollingglory.com/jam/rageinpeace/,IDR,8399900.0,http://togeproductions.com/,info@togeproductions.com,False,8,Very Positive,175,20,195,89.74358974358975,full,918470,
1173250,"Single-player,Steam Achievements",Eggion,"Adventure,Indie",False,DE:VOID,windows,Eggion,2020-07-16,0,"English,Japanese,Simplified Chinese,Korean",game,,IDR,5299900.0,,eggions@gmail.com,False,7,Positive,15,1,16,93.75,,,
878340,Single-player,GukLabs,"Action,Adventure,Indie,RPG",False,WISGR,windows,GukLabs,2018-07-06,0,English*,game,http://wisgr.guklabs.com/,IDR,5999900.0,http://wisgr.guklabs.com/contact,info@guklabs.com,False,0,2 user reviews,2,0,2,100.0,,,
1758470,"Multi-player,PvP,Online PvP,Co-op,Online Co-op,Cross-Platform Multiplayer,Full controller support,In-App Purchases",Arsanesia,"Action,Casual",False,Project Unseek,windows,Arsanesia,"COMING SOON, ADD TO WISHLIST TO GET NOTIFIED!!",0,English,game,https://unseek.arsanesia.com/,,,,support@arsanesia.com,True,0,No user reviews,0,0,0,,full,,
1081100,"Single-player,Steam Achievements,Full controller support,Steam Cloud",Platonic Game Studio,"Action,Adventure,Indie,RPG",False,Insurgence - Second Assault,windows,YSY Softworks,2020-02-27,0,English,game,,IDR,4499900.0,https://web.facebook.com/InsurgenceRPG/,huangyuoxi@gmail.com,False,7,Positive,14,0,14,100.0,full,1252310,
1657100,"Single-player,Multi-player,PvP,Online PvP,Steam Achievements,Full controller support,In-App Purchases,Steam Cloud",Mostdeep Games,"Adventure,Indie,RPG",False,Tower of Guardian,windows,Mostdeep Games,2022-12-30,0,English,game,https://mostdeepgames.wordpress.com/,,,https://mostdeepgames.wordpress.com/contact-us/,mostdeepcontact@gmail.com,True,0,No user reviews,0,0,0,,full,,
1269520,"Single-player,Steam Achievements,Partial Controller Support",4Happy Studio,"Action,Adventure,Indie",False,Who is He: Let Me Out,windows,4Happy Studio,"2022, Wishlist &amp; Follow!",0,"English,Simplified Chinese",game,https://4happy-studio.com,,,https://www.4happy-studio.com/,4happy.studio@gmail.com,True,0,No user reviews,0,0,0,,,,
1597200,"Single-player,Multi-player,Co-op,Shared/Split Screen Co-op,Shared/Split Screen,Steam Achievements,Partial Controller Support,Steam Cloud,Remote Play Together","YummyYummyTummy,Tamatin Entertainment","Action,Casual,Strategy",False,ConnecTank,windows,Natsume Inc.,2021-09-28,0,"English,French,German,Japanese,Simplified Chinese,Traditional Chinese",game,https://www.connectankgame.com,IDR,13999900.0,www.natsume.com,4service@natsume.com,False,0,6 user reviews,6,0,6,100.0,,,
1164050,"Single-player,Steam Achievements,Partial Controller Support,Steam Cloud,Remote Play on Phone,Remote Play on Tablet",Mojiken,"Adventure,Casual,Indie",False,When The Past Was Around,"windows,mac",Toge Productions,2020-09-22,0,"English,French,Italian,German,Spanish - Spain,Korean,Russian,Vietnamese,Japanese,Portuguese - Brazil,Spanish - Latin America,Portuguese,Simplified Chinese,Polish,Turkish",game,,IDR,5999900.0,https://www.togeproductions.com,info@togeproductions.com,False,9,Overwhelmingly Positive,2143,86,2229,96.14176760879319,,"1413230,1413240",77.0
1306900,"Single-player,Full controller support,Steam Cloud,Remote Play on TV",Arthavan Studio,"Action,Adventure,Casual,Early Access",False,BadBee,"windows,mac",Bayam Software,2020-07-24,0,"English*,Simplified Chinese,Traditional Chinese,Vietnamese,Russian",game,https://bayamsoftware.com/badbee/,IDR,2000000.0,https://bayamsoftware.com/,contact@bayamsoftware.com,False,0,5 user reviews,5,0,5,100.0,full,,
1409300,"Single-player,Full controller support",Pendopo MC,"Action,Adventure,Indie",False,Rendezvous,windows,Hitcents,ðŸš¦Wishlist now.,0,English,game,https://twitter.com/PendopoStudio,,,https://pendopostudio.com,pendopostudio@gmail.com,True,0,No user reviews,0,0,0,,full,,
1657620,"Single-player,Steam Achievements,Full controller support",MyHand Studio,"Adventure,Indie",False,Another Path,windows,-,Coming Soon! Wishlist and Follow!,0,English*,game,,,,,support@myhandstudio.com,True,0,No user reviews,0,0,0,,full,,
1117470,Single-player,Imagine Fantasia,"Casual,Indie",False,Seven Wonders of St. Clementine,"windows,mac,linux",,2020-10-30,0,English,game,,IDR,6999900.0,,pr@tophatentertainment.us,False,0,8 user reviews,1,7,8,12.5,,,
1350430,"Single-player,Steam Cloud",Trimatra Interactive,"Action,Indie,RPG,Early Access",False,Ravensword: Undaunted,windows,Crescent Moon Games,2021-07-09,0,English*,game,,IDR,5999900.0,http://www.crescentmoongames.com,info@crescentmoongames.com,False,6,Mostly Positive,27,9,36,75.0,,,
1920800,Single-player,"7N39 Art Productions,AlienzProject","Casual,Indie,Simulation",False,Project Angels - Visual Novel,windows,PT. Niji Games Studio,2022-07-13,0,English,game,,IDR,6999900.0,,hello@nijigames.com,False,0,7 user reviews,7,0,7,100.0,,,
624930,"Single-player,Steam Achievements,Captions available,Partial Controller Support,Steam Cloud,Stats,Steam Leaderboards",Bayam Software,"Action,Adventure,Indie,Early Access",False,Fearless Tigor,"windows,mac",Bayam Software,To Be Announced,0,English*,game,https://bayamsoftware.com/fearless-tigor/,,,https://fearlesstigor.com,contact@bayamsoftware.com,True,0,No user reviews,0,0,0,,,,
1599780,Single-player,Pikselnesia,"Adventure,Indie",False,Afterlove EP,windows,Fellow Traveller,Summer 2022,0,English,game,,,,http://fellowtraveller.games,support@fellowtraveller.games,True,0,No user reviews,0,0,0,,,,
953640,"Cross-Platform Multiplayer,Steam Achievements,In-App Purchases,Partial Controller Support",MAENTRUS DIGITAL LAB PT,"Action,Indie,Early Access",False,Gyro Buster,"windows,mac,linux",MAENTRUS DIGITAL LAB PT,2019-01-26,0,"English,Japanese,Korean,Thai,Traditional Chinese",game,,,,https://maentrus.co.id/,support@maentrus.com,False,0,2 user reviews,1,1,2,50.0,,,
1605930,"Single-player,Steam Achievements,Full controller support",Gamecom Team,"Adventure,Indie",False,Babol the Walking Box,windows,Gamecom Team,2021-06-25,0,"English,French,Italian,German,Spanish - Spain,Arabic,Japanese,Korean,Portuguese - Brazil,Russian,Simplified Chinese,Thai,Vietnamese",game,https://gamecomteam.com,IDR,5299900.0,https://gamecomteam.com,official@gamecomteam.com,False,0,3 user reviews,2,1,3,66.66666666666666,full,,
1442090,Single-player,"Rainman Studios,Niji Games","Indie,RPG,Strategy",False,Tanasurga,windows,"Rainman Studios,Niji Games",coming soon,0,English,game,,,,www.rainmanstudios.com,tanasurga@rainmanstudios.com,True,0,No user reviews,0,0,0,,,,
1052970,"Single-player,Steam Achievements",Goody Pundit,"Action,Adventure,Casual,RPG,Strategy",False,Soul of Giga,windows,KPL,2021-03-05,0,"English,French,German,Japanese,Simplified Chinese,Spanish - Latin America",game,,IDR,4899900.0,,goodygameworks@yahoo.com,False,5,Mixed,22,10,32,68.75,,,
1181490,Single-player,Pixel Kinematics,"Casual,Free to Play,Indie",True,Blue Lemon,windows,Pixel Kinematics,2020-12-04,0,English,game,http://www.pixelkinematics.com,,,http://www.pixelkinematics.com,pixelkinematics@gmail.com,True,0,No user reviews,0,0,0,,,,
1398080,"Single-player,Steam Achievements,Partial Controller Support,Steam Cloud,Remote Play on Phone,Remote Play on Tablet",Studio Namaapa,"Casual,Indie,Simulation,Strategy",False,Seaside Cafe Story,windows,Studio Namaapa,2020-11-04,0,English,game,http://studionamaapa.com,IDR,4899900.0,http://studionamaapa.com,info@studionamaapa.com,False,0,7 user reviews,6,1,7,85.71428571428571,,,
1454410,"Single-player,Steam Achievements",Sengkala Dev,"Free to Play,Indie,Simulation,Strategy",True,Dato of Srivijaya,windows,Sengkala Dev,2020-12-14,0,English,game,,,,,peranglaut@gmail.com,False,0,No user reviews,0,0,0,,,,
672590,"Single-player,Steam Achievements,Steam Trading Cards,Partial Controller Support,Steam Cloud",MassHive Media,"Adventure,Indie,RPG,Strategy",False,Azure Saga: Pathfinder,"windows,mac",MassHive Media,2018-03-13,0,English*,game,http://www.azuresaga.com,IDR,8399900.0,http://masshive-media.com/contact-us,contact@masshive-media.com,False,6,Mostly Positive,51,18,69,73.91304347826086,,"782770,783030,783040,699000",
1599830,"Single-player,Full controller support",PMA Studio,"Action,Adventure,Indie,RPG",False,TOXA : Mystical Cloning Powers,windows,PMA Studio,2022 Wishlist &amp; Follow!,0,English*,game,https://store.steampowered.com/app/1599830/TOXA/?beta=1,,,https://pma-g.com,,True,0,No user reviews,0,0,0,,full,,
1455460,Single-player,"Enthrean Guardian,Eggion,stellarNull","Action,Indie,RPG",False,Enthrean Radiance : The First Strike,windows,Eggion,Cooming Soon,0,English,game,,,,,eggions@gmail.com,True,0,No user reviews,0,0,0,,,,
1752420,Single-player,GameChanger Studio,"Action,Indie",False,Here Comes The Hero,windows,GameChanger Studio,Hero will come soon! Wishlist Now!,0,English*,game,,,,http://gamechangerstudio.net/official/,gamechangerstudio.ina@gmail.com,True,0,No user reviews,0,0,0,,,,
1511270,"Single-player,Steam Achievements,Partial Controller Support",Rong Rong,"Free to Play,Indie",True,Ann,windows,Rong Rong,2021-08-26,0,"English,Japanese",game,,,,,rongcontest@gmail.com,False,0,6 user reviews,6,0,6,100.0,,1581630,
665960,"Single-player,Steam Achievements,Steam Cloud,Stats",Maulidan Games,"Indie,Simulation",False,Lobster Empire,windows,Maulidan Games,2017-12-18,0,"English,German,Dutch,Portuguese - Brazil,Russian,Turkish,French,Spanish - Spain",game,http://lobsterempire.maulidangames.com/,IDR,6500000.0,http://maulidangames.com,contact@maulidangames.com,False,5,Mixed,17,17,34,50.0,,,
744810,Single-player,Mojiken,"Casual,Free to Play,Indie",True,A Raven Monologue,"windows,mac",Toge Productions,2018-01-11,0,English,game,http://mojikenstudio.com/,,,http://mojikenstudio.com/,contact@mojikenstudio.com,False,7,Positive,12,0,12,100.0,,763280,
2077550,"Single-player,Partial Controller Support,Steam Cloud",Crescent Sun,"Adventure,RPG",True,Eremidia - Archivist's Curse,windows,YSY Softworks,2022-08-15,0,English,game,,,,https://twitter.com/_CrescentSun,huangyuoxi@gmail.com,True,0,No user reviews,0,0,0,,,,
914800,"Single-player,Steam Achievements,Full controller support,Steam Trading Cards,Steam Workshop,Steam Cloud,Remote Play on Phone,Remote Play on Tablet,Remote Play on TV",Toge Productions,"Adventure,Casual,Indie",False,Coffee Talk,"windows,mac",Toge Productions,2020-01-29,0,"English,Simplified Chinese,Japanese,Korean,French,German,Traditional Chinese,Spanish - Spain,Turkish,Russian,Portuguese - Brazil",game,http://coffeetalk.info/,IDR,8399900.0,http://coffeetalk.info/,coffee@togeproductions.com,False,9,Overwhelmingly Positive,5242,252,5494,95.41317801237714,full,"1231690,1231980",75.0
1134450,"Single-player,Steam Achievements,Steam Cloud",NSAID,"Action,Adventure,Casual,Free to Play,Indie",True,ALLBLACK Phase 1,"windows,mac,linux",NSAID,2020-12-05,0,"English,Russian,Spanish - Spain",game,,,,,tiya.novlita@gmail.com,False,0,No user reviews,0,0,0,,,,
664440,Single-player,Nilem Studio,"Adventure,Indie,Simulation",False,Cognizant Protocol,windows,Nilem Studio,2017-07-22,0,English*,game,http://nilemstudio.com/,IDR,2499900.0,http://nilemstudio.com/,support@nilemstudio.com,False,0,No user reviews,0,0,0,,,,
665980,"Single-player,Steam Achievements,Steam Cloud,Steam Leaderboards",Maulidan Games,"Indie,Simulation",False,Aquaponics Life,windows,Maulidan Games,"Sorry, On Hold For Now",0,"English,French,German,Spanish - Spain,Dutch,Portuguese - Brazil,Russian,Turkish",game,http://www.maulidangames.com,,,www.maulidangames.com,contact@maulidangames.com,True,0,No user reviews,0,0,0,,,,
1807740,"Single-player,Partial Controller Support","Platonic Game Studio,KPP Entertainment","Adventure,Simulation",False,Reach for an Angel,windows,YSY Softworks,Q1 2022,0,English,game,,,,,huangyuoxi@gmail.com,True,0,No user reviews,0,0,0,,,,
1578880,Single-player,"Algorocks,Simpleton","Adventure,Casual,Indie,Simulation",False,Grammarian Ltd,windows,Algorocks,2022-04-19,0,English*,game,https://www.grammarian.ltd/,IDR,6999900.0,https://algo.rocks/,info@algo.rocks,False,7,Positive,12,1,13,92.3076923076923,,,
1065350,"Single-player,Steam Achievements,Steam Cloud,Steam Leaderboards",Beat-Fu Studio,"Action,Casual,Free to Play,Indie",True,The Grandmaster,windows,Beat-Fu Studio,2019-05-14,0,English,game,http://www.beat-fu.com,,,http://www.beat-fu.com,support@beat-fu.com,False,0,No user reviews,0,0,0,,,"1065620,1065621,1065622,1065623,1065624,1065625",
975750,"Single-player,Partial Controller Support",Benua Softworks,,False,Proto-G,windows,Benua Softworks,202X,0,English*,game,https://www.benuasoftworks.com/games/proto-g,,,https://www.benuasoftworks.com/contacts,info@benuasoftworks.com,True,0,No user reviews,0,0,0,,,,
604040,"Single-player,Steam Achievements,Steam Trading Cards,Steam Cloud",Maulidan Games,"Indie,Strategy",False,Legion Tale,windows,Maulidan Games,2017-09-20,0,English,game,,IDR,2999900.0,http://maulidangames.com,contact@maulidangames.com,False,0,6 user reviews,3,3,6,50.0,,,
1134470,Single-player,Ardiansa Reza,"Adventure,Indie,Simulation,Early Access",False,Sleep Paralysis : mystery of the mountain village,windows,catgames.id,2019-09-03,0,English,game,https://catgames.id,IDR,1749900.0,https://catgames.id,ardiansareza.cg@gmail.com,False,0,6 user reviews,2,4,6,33.33333333333333,,,
401290,"Single-player,Steam Achievements,Full controller support,Steam Trading Cards,Steam Cloud",Studio Namaapa,"Adventure,Indie,RPG",False,Nusakana,windows,Studio Namaapa,2015-11-19,0,English,game,https://studionamaapa.com/game/nusakana/,IDR,6499900.0,,info@studionamaapa.com,False,8,Very Positive,47,5,52,90.38461538461539,full,"441760,764600",
1285510,"Single-player,Steam Achievements,Steam Cloud",Gamecom Team,"Adventure,Indie",False,A Day Without Me,windows,Gamecom Team,2020-06-26,0,"English*,French,Italian,German,Spanish - Spain,Arabic,Japanese,Korean,Thai,Vietnamese",game,https://gamecomteam.com,IDR,4899900.0,https://gamecomteam.com,official@gamecomteam.com,False,7,Positive,30,6,36,83.33333333333334,,,
839570,"Single-player,Steam Achievements",Beat-Fu Studio,"Casual,Indie",False,What Are You Stupid,"windows,mac",Beat-Fu Studio,2018-04-16,0,English*,game,http://www.beat-fu.com,IDR,3999900.0,http://www.beat-fu.com,beatfu.studio@gmail.com,False,7,Positive,14,3,17,82.35294117647058,,,
727960,"Single-player,Steam Achievements",NextHeaven,"Casual,Indie",False,Xagia Wars,"windows,mac,linux",Vifth Floor,2018,0,English,game,,,,http://vifthfloor.moe,info@vifthfloor.moe,True,0,No user reviews,0,0,0,,,,
654240,"Single-player,Steam Achievements,Full controller support,Steam Cloud,Stats",EVXIO,Action,False,Xenoslaive Overdrive,windows,EVXIO,2017-07-17,0,English*,game,http://evxio.com,IDR,1749900.0,http://evxio.com,,False,0,6 user reviews,4,2,6,66.66666666666666,full,,
1235360,"Single-player,Full controller support",Gaco Games,"Action,Indie,RPG,Early Access",True,Epic Conquest 2,windows,Gaco Games,2020-04-19,0,English,game,,,,,support@gaco-games.com,False,8,Very Positive,102,13,115,88.69565217391305,full,,
1337760,"Single-player,Steam Achievements,Partial Controller Support,Steam Cloud",MassHive Media,"Action,Adventure,Casual,RPG",False,Potion Permit,windows, PQube,"September 22nd, 2022",0,"English,French,German,Spanish - Spain,Korean,Portuguese - Brazil,Russian,Simplified Chinese,Japanese",game,https://pqube.co.uk/potion-permit/,,,,support@pqube.co.uk,True,0,No user reviews,0,0,0,,,,
715680,"Single-player,Partial Controller Support",Gambir Studio,"Action,Adventure,Indie",False,Knight VS Giant : The Broken Excalibur,"windows,mac",Gambir Studio,Coming Soon,0,English,game,https://gambirstudio.com/knightvsgiant,,,https://gambirstudio.com/home/knightvsgiant/,halo@gambirstudio.com,True,0,No user reviews,0,0,0,,,,
1321890,"Single-player,Steam Achievements,Full controller support,Steam Cloud",Insular Games,"Action,Indie",False,Gravitators,windows,Insular Games,2021-11-12,0,English,game,https://www.insulargames.com/,IDR,11900000.0,https://www.insulargames.com/,team@insulargames.com,False,7,Positive,22,0,22,100.0,full,"1639960,1643830",
1711520,"Single-player,Steam Achievements,Full controller support,Steam Cloud,Stats,Steam Leaderboards",NaCl586,"Action,Indie",False,Great Marble Adventure,windows,NaCl586,2022-02-11,0,English*,game,,IDR,6999900.0,,gerson.natanael@binus.ac.id,False,0,4 user reviews,4,0,4,100.0,full,1895700,
1680800,"Single-player,Partial Controller Support",Devata Game Production,"Action,Adventure,Indie",False,Biwar Legend of Dragon Slayer,windows,-,2023 - Wishlist and Follow!,0,English*,game,https://devatagame.com/biwar-the-legend-of-dragon-slayer/,,,https://devatagame.com/,admin@devatagame.com,True,0,No user reviews,0,0,0,,,,
368050,"Single-player,Multi-player,Shared/Split Screen,Cross-Platform Multiplayer,Steam Achievements,Full controller support,Steam Trading Cards,Steam Cloud,Steam Leaderboards,Remote Play Together",Chocoarts,"Action,Indie,Strategy",False,Almightree: The Last Dreamer,"windows,mac,linux",Digital Tribe,2015-09-07,0,"English*,French,Italian,German,Spanish - Spain,Japanese,Korean,Portuguese - Brazil,Russian,Simplified Chinese,Traditional Chinese,Dutch",game,http://digitaltribegames.com/almightree/,IDR,3999900.0,http://digitaltribegames.com/almightree/,help@digitaltribegames.com,False,6,Mostly Positive,100,30,130,76.92307692307693,full,,
785850,"Single-player,Steam Achievements,Full controller support,Steam Cloud",Agate,"Action,Adventure,Indie,RPG,Simulation,Strategy",False,Valthirian Arc: Hero School Story,windows,PQube,2018-10-02,0,"English*,French,German,Japanese,Korean,Russian,Simplified Chinese",game,http://pqube.co.uk/valthirian-arc,IDR,9599900.0,,support@pqube.co.uk,False,5,Mixed,126,86,212,59.43396226415094,full,,
1269690,"Single-player,Multi-player,PvP,LAN PvP,Co-op,LAN Co-op,Steam Achievements,Steam Workshop,Steam Cloud,Stats,Steam Leaderboards,Includes level editor",N7T-GAMES,"Action,Adventure,Casual,Indie,RPG,Simulation,Strategy,Early Access",False,Attack on Toys,windows,N7T-GAMES,2021-09-24,0,English*,game,,IDR,5299900.0,https://steamcommunity.com/app/1269690/discussions/,,False,8,Very Positive,248,21,269,92.19330855018588,,,
1612220,"Multi-player,PvP,Online PvP,Co-op,Online Co-op,Full controller support",HarlanBOT Studio,"Action,Adventure,Casual,Indie,Massively Multiplayer,Strategy",False,Project to Escape,windows,HarlanBOT Studio,Coming Soon,0,English*,game,,,,,harlan.setia@gmail.com,True,0,No user reviews,0,0,0,,full,,
807870,Single-player,NexusLab,"Violent,Adventure,Indie,Early Access",False,Survival Planet,windows,NexusLab,2018-03-26,0,English*,game,,IDR,6999900.0,https://survivalplanetworld.wordpress.com,nexusteknologi@gmail.com,False,0,1 user reviews,0,1,1,0.0,,,
1421760,"Single-player,Steam Achievements,Steam Cloud","Pikselnesia,Rolling Glory Jam","Adventure,Casual,Indie",False,What Comes After,"windows,mac",Rolling Glory Jam,2020-11-05,0,"English,German,French,Spanish - Spain,Portuguese,Russian,Simplified Chinese",game,,IDR,3999900.0,https://rollingglory.com/,pikselnesia@gmail.com,False,8,Very Positive,517,53,570,90.70175438596492,,,
1097160,"Single-player,Multi-player,PvP,Online PvP,Steam Achievements,Partial Controller Support",Matthew Marcellino,Casual,False,Run Roll Rumble,windows,Benua Softworks,2019-08-07,0,English,game,https://benuasoftworks.com/games/run-roll-rumble-r3,IDR,1749900.0,https://benuasoftworks.com/contacts,support@benuasoftworks.com,False,0,2 user reviews,2,0,2,100.0,,,
1696200,"Single-player,Steam Achievements,Full controller support,Steam Cloud,Steam Leaderboards,Remote Play on Phone,Remote Play on Tablet,Remote Play on TV",PlayShift Games,"Action,Indie",False,Hell Blasters,windows,PlayShift Games,2021-10-07,0,"English,Japanese",game,https://playshift-games.com/games/hell-blasters/,IDR,9599900.0,http://playshift-games.com,admin@playshift-games.com,False,7,Positive,10,0,10,100.0,full,1741460,
666570,"Single-player,Steam Achievements,Steam Trading Cards,Steam Cloud,Remote Play on Phone,Remote Play on Tablet",Toge Productions,"Indie,Simulation,Strategy",False,Infectonator 3: Apocalypse,"windows,mac",Armor Games Studios,2018-05-10,0,"English,French,German,Spanish - Spain,Japanese,Korean,Portuguese - Brazil,Simplified Chinese,Polish,Thai,Turkish",game,http://www.infectonator3.com,IDR,8399900.0,http://www.infectonator3.com,info@togeproductions.com,False,8,Very Positive,577,130,707,81.61244695898161,,,
420300,"Single-player,Steam Trading Cards",Willpowaproject,"Violent,Action,Adventure,Indie",False,The Admin,windows,Willpowaproject,2016-11-01,0,English*,game,http://www.indiedb.com/games/the-admin,IDR,1749900.0,http://www.indiedb.com/games/the-admin,willpowaproject@outlook.com,False,0,6 user reviews,0,6,6,0.0,,,
568780,"Single-player,Steam Achievements,Steam Trading Cards,Steam Cloud,Stats,Steam Leaderboards",Maulidan Games,"Indie,Simulation,Strategy",False,Multishop Tycoon Deluxe,windows,Maulidan Games,2017-03-10,0,English,game,,IDR,2999900.0,http://maulidangames.com,contact@maulidangames.com,False,5,Mixed,13,6,19,68.42105263157895,,,
1238990,"Single-player,Steam Achievements,Full controller support,Steam Cloud",Engram Interactive,RPG,False,Fractured Core,windows,Engram Interactive,TBA,0,English,game,,,,,support@engraminteractive.com,True,0,No user reviews,0,0,0,,full,,
967120,"Single-player,Steam Achievements,Partial Controller Support,Steam Cloud",Dragon Emperors,"Adventure,Indie,RPG,Early Access",False,Cursed Mansion,windows,Dragon Emperors,2021-04-05,0,"English,Japanese,Korean,Simplified Chinese",game,http://dragonemperors.com/,,,http://dragonemperors.com/,contact@dragonemperors.com,False,7,Positive,24,3,27,88.88888888888889,,,
1414610,"Single-player,Steam Achievements,Steam Cloud",Radish Developer,"Indie,RPG,Simulation,Early Access",False,Peaceful Soul,windows,AWSUM! SINDIECATE by Inspirnasoft,Coming Soon,0,English,game,https://radish.my.id/peaceful-soul,,,https://radish.my.id/,radish.devp@gmail.com,True,0,No user reviews,0,0,0,,,,
612820,"Single-player,Steam Achievements,Full controller support,Steam Trading Cards,Steam Cloud","YummyYummyTummy,Mintsphere","Action,RPG",False,Fallen Legion: Rise to Glory,windows,YummyYummyTummy,2018-01-05,0,"English*,Simplified Chinese,Traditional Chinese,Japanese*,Korean",game,http://www.fallenlegiongame.com,IDR,19999900.0,http://www.fallenlegiongame.com,https://docs.google.com/forms/d/e/1FAIpQLSckIrVTd2NnkYY9dRlGWc5_tbxI1wkf0ZTfPFMAmuZFIN7l_g/viewform,False,5,Mixed,31,23,54,57.407407407407405,full,,66.0
315860,"Single-player,Steam Achievements,Full controller support,Steam Trading Cards",Ekuator Games,"Indie,RPG",False,Celestian Tales: Old North,"windows,mac,linux",Digital Tribe,2015-08-10,0,English,game,http://www.ekuatorgames.com/,IDR,8399900.0,http://www.ekuatorgames.com/contact/,help@digitaltribegames.com,False,5,Mixed,225,103,328,68.59756097560977,full,"413330,462610,462611",
291290,Single-player,Gamebell Studio,"Adventure,Casual,Indie",False,Motte Island,"windows,mac",One Aperture,2014-04-07,0,English,game,www.oneaperture.com,IDR,4599900.0,www.oneaperture.com,support@oneaperture.com,False,7,Positive,15,1,16,93.75,,,
1642460,Single-player,Miracle Gates Entertainment,"Action,Casual",False,Grey Lucidity - Horror Visual Novel,windows,Miracle Gates Entertainment,2021-08-06,0,"English*,Japanese*",game,,IDR,3999900.0,https://www.facebook.com/miraclegates,developer@miraclegates.com,False,0,4 user reviews,2,2,4,50.0,,,
738270,"Single-player,Steam Achievements,Full controller support,Steam Cloud",Studio Namaapa,"Indie,Simulation",False,Ciel Fledge: A Daughter Raising Simulator,"windows,linux",PQube,2020-02-20,0,"English,French,Japanese,Russian,Simplified Chinese",game,https://pqube.co.uk/cielfledge/,IDR,6999900.0,http://studionamaapa.com/,info@studionamaapa.com,False,6,Mostly Positive,46,18,64,71.875,full,,
269790,"Single-player,Steam Achievements,Steam Trading Cards,Partial Controller Support,Steam Cloud",Digital Happiness,"Adventure,Indie",False,DreadOut,"windows,linux",Digital Happiness,2014-05-15,0,"English*,Italian,German,Polish,Portuguese - Brazil,Russian,Spanish - Spain,Hungarian,Simplified Chinese,Japanese",game,http://digitalhappiness.net/,IDR,9599900.0,http://digitalhappiness.net/,support@digitalhappiness.net,False,6,Mostly Positive,2829,852,3681,76.85411572942135,,298680,55.0
1055210,"Single-player,Multi-player,PvP,Online PvP,LAN PvP,Shared/Split Screen PvP,Shared/Split Screen,Steam Achievements,Full controller support,Steam Cloud,Remote Play Together",Freemergency,"Action,Free to Play,Indie",True,Retrograde Arena,windows,Neon Doctrine,2020-05-28,0,"English,Japanese,Portuguese - Brazil,Russian,Simplified Chinese,Traditional Chinese",game,https://freemergency.weebly.com/,,,freemergency.weebly.com,support.freemergency@gmail.com,False,0,3 user reviews,3,0,3,100.0,full,"1333740,1333400,1333741",
1356280,"Single-player,Multi-player,Co-op,Shared/Split Screen Co-op,Shared/Split Screen,Steam Achievements,Full controller support,Steam Cloud,Remote Play Together",Twin Hearts,"Action,Adventure,RPG",False,Kitaria Fables,windows,PQube,2021-09-01,0,"English*,French,German,Spanish - Spain,Japanese,Russian,Korean,Simplified Chinese,Traditional Chinese,Portuguese - Brazil,Italian",game,http://pqube.co.uk/kitaria-fables,IDR,10899900.0,www.pqube.co.uk,pr@pqube.co.uk,False,6,Mostly Positive,553,161,714,77.45098039215686,full,"1582422,1650160,1650170,1650171,1650172,1650173,1650174,1650175,1650176,1650177,1650178,1650179,1650230,1650231,1650232,1650233,1650260,1793720,1793721,1793722,1793723,1793724,1793725",
1703930,"Single-player,Steam Workshop,Includes level editor",Toge Productions,"Casual,Free to Play,Indie,Simulation,Strategy",True,Kriegsfront Battlescaper - Diorama Editor,windows,Toge Productions,2022-08-04,0,English,game,https://www.togeproductions.com/project/kriegsfront-tactics/,,,https://togeproductions.com/,info@togeproductions.com,False,0,No user reviews,0,0,0,,,,
269310,"Single-player,Steam Achievements,Steam Trading Cards,Steam Cloud",Toge Productions,"Action,Adventure,Indie,RPG,Simulation,Strategy",False,Infectonator: Survivors,"windows,mac",Toge Productions,2016-08-08,0,English*,game,http://www.togeproductions.com,IDR,8999900.0,http://infectonatorsurvivors.com/,developers@togeproductions.com,False,5,Mixed,543,252,795,68.30188679245282,,707490,
